cn,label,en
阿司匹林,2,aspirin
阿尔卑斯糖,4,Alpine sugar
艾草,4,Wormwood
艾叶,4,Ai Ye
安全帽,1,helmet
安全套,8,Condom
按摩棒,8,Massage stick
密胺碗,1,Melamine bowl
密胺餐具,1,Melamine tableware
档案袋,1,Portfolio
肮脏塑料袋,8,Dirty plastic bag
棉袄,1,Cotton jacket
芭蕉叶,4,Banana leaf
八角,4,star anise
八宝饭,4,Eight Treasure Rice
八宝粥,4,Eight Treasure Congee
锅巴,4,Crispy rice
泥巴,8,Mud
巴旦木壳,4,Altar husk
扫把,8,broom
拖把,8,mop
旧拖把,8,Old mop
浴霸灯,1,Yuba lamp
浴霸灯泡,2,Yuba Bulb
白菜,4,Chinese cabbage
白纸,1,White paper
百洁布,8,Scouring pad
玻璃摆件,1,Glass ornaments
一般铁罐,1,General tin can
板栗,4,Chestnut
复印件版纸,1,Copy paper
干拌面,4,Dry noodles
搅拌棒,8,Stirring rod
搅拌勺,8,Mixing spoon
花瓣,4,petal
衣服半成品,1,Semi-finished clothes
手办,1,Figure
蹄膀,4,Hoof
鸡翅膀,4,Chicken wings
蹄膀骨头,8,Hoof bones
棒骨,8,Stick bone
胶棒,8,Glue stick
棉棒,8,Cotton swab
蚌壳,8,Clam shell
包包,1,Bag
包子,4,steamed stuffed bun
布包,1,Cloth bag
包装薄膜,8,Packaging film
塑料薄膜,8,plastic film
薄型塑料袋,8,Thin plastic bag
保健品,2,Health products
保龄球,8,bowling
保暖杯,1,Warm cup
汉堡,4,hamburger
汉堡包,4,hamburger
汉堡盒,8,Burger Box
宝特瓶,1,PET bottle
抱枕,1,Pillow
报刊,1,press
报纸,1,newspaper
海报,1,poster
鲍鱼,8,abalone
鲍鱼壳,8,Abalone shell
爆竹,8,Firecrackers
爆米花,4,Popcorn
铁杯,1,Iron cup
纸杯,8,Paper cup
旧背包,1,Old backpack
贝壳,8,shell
扇贝,8,scallop
贝壳类,8,Shellfish
电脑设备,1,Computer equipment
被单,1,bed sheet
被套,1,quilt cover
被芯,1,Quilt
本子,1,book
绘本,1,Picture book
课本,1,textbook
绷带,8,bandage
鼻毛,8,Nose hair
鼻屎,8,Booger
鼻涕纸,8,Snot paper
笔,8,Pen
笔袋,8,Pencil case
雪碧瓶,1,Sprite bottle
碧根果壳,8,Pecan husk
冥币,8,Mingbi
游戏币,1,Game currency
避孕套,8,condom
避孕药,2,Birth control pills
用过的避孕套,8,Used condom
鞭炮,8,firecracker
牛鞭,4,Bullwhip
纸张鞭炮,8,Paper firecrackers
编织袋,8,Woven bag
便签,8,Memo
变质食品,4,Spoiled food
变质的食物,4,Spoiled food
标签,8,Label
鼠标,1,mouse
标签卡,8,Label card
手表,1,watch
钟表,1,Clock
电表盒,1,Electric meter box
别针,8,pin
曲别针,8,paper clip
瘪掉的篮球,1,Deflated basketball
冰袋,8,ice bag
冰柜,1,Freezer
冰糖,4,crystal sugar
葡萄柄,4,Grape handle
游戏手柄,1,Gamepad
丙烯,8,Acrylic
饼干,4,biscuits
大饼,4,Flatbread
粉饼,8,Pressed powder
病人换下来的纸尿裤,8,Diapers changed by the patient
玻璃,1,grass
玻璃杯,1,glass
玻璃尺,1,Glass ruler
菠菜,4,spinach
菠萝,4,Pineapple
菠萝干,4,Dried pineapple
数字音乐播放器,1,Digital music player
微波炉,1,Micro-wave oven
铂金纸,8,Platinum paper
铝箔,1,Aluminum foil
鋁箔,1,Aluminum foil
锡箔,8,Tin foil
鸭脖,4,Duck neck
鸭脖子,4,Duck neck
捕蚊灯,1,Mosquito trap
萝卜,4,Radish
胡萝卜,4,carrot
萝卜干,4,Dried radish
不锈钢,1,Stainless steel
不粘锅,1,Non-stick pan
尿不湿,8,Diapers
布,1,cloth
布袋,1,Cloth bag
电话簿,1,Phone book
板擦儿,8,Eraser
擦屎纸,8,Shit paper
擦手巾,8,Hand towel
药材,4,Medicinal materials
彩笔,8,Crayons
彩电,1,Color TV
彩票,8,Lottery
菜,4,vegetable
餐盒,8,Lunch box
餐巾,8,napkin
餐纸,8,Napkin
西洋参,4,American Ginseng
蚕丝,1,silk
蚕豆壳,4,Broad Bean Shell
残羹,4,Residual
残花,4,Residual flower
残枝,4,Remaining branch
苍蝇,4,fly
苍蝇拍,8,Fly swatter
草,4,Grass
草莓,4,Strawberry
厕纸,8,Toilet paper
厕所纸,8,Toilet paper
手册,1,manual
相册,8,Photo album
宣传册,1,brochure
插排,1,Power strip
插头,1,plug
插座,1,socket
叉子,1,fork
塑料叉子,8,Plastic fork
一次性叉子,8,Disposable fork
茶,4,Tea
茶包,8,tea bag
茶袋,8,Tea bag
搽鼻涕纸,8,Sniffing paper
火柴,8,matches
硅胶铲,8,Silicone spatula
木铲板,1,Wooden spatula
电器产品,1,Electrical products
电子产品,1,electronic product
水产类弃物,4,Aquatic waste
常温牛奶盒,1,Room temperature milk carton
常温牛奶盒子,1,Room temperature milk box
平常喝的茶叶,4,Tea that I usually drink
长靴,1,Boots
长毛绒,1,plush
长生果,4,Longevity fruit
红肠,4,Red Sausage
香肠,4,sausage
鱼肠,4,Fish intestines
唱片,8,record
黑胶唱片,8,Vinyl Records
超能胶,8,Super Glue
手抄报,8,Manuscript
点钞机,1,Money counter
过朝食品,4,Guochao Food
防潮盒,1,Moisture-proof box
防潮剂,8,Anti-moisture agent
吸潮剂,8,Moisture Absorbent
炒面,4,Fried noodles
炒板栗,4,Fried chestnut
炒花生壳,4,Fried peanut shells
尘土,8,dust
灰尘,8,dust
陈皮,4,Tangerine peel
衬衫,1,shirt
衬衣,1,shirt
橙,4,Orange
橙皮,4,Orange peel
橙子,4,Orange
中成药,2,Chinese patent medicine
成人尿布,8,Adult diapers
集成电路板,1,Integrated circuit board
体重秤,1,weighing scale
吃过的甘蔗,4,Eaten sugarcane
吃剩的快餐,4,Leftover fast food
吃过的棒棒糖,8,Lollipop
钥匙,1,key
车钥匙,8,car key
金属汤匙,1,Metal spoon
電池,2,Battery
蓄电池,2,Accumulator
充电电池,2,Rechargeable Battery
齿轮,1,gear
牙齿,8,teeth
掉下来的牙齿,8,Falling teeth
尺,8,ruler
尺子,1,ruler
铁尺,1,Iron ruler
鸡翅,4,Chicken wings
鸡翅骨头,4,Chicken Wing Bones
白炽灯,2,Incandescent lamp
白炽灯泡,2,Incandescent bulb
充电宝,1,power Bank
充电器,1,charger
充电线,1,Charging Cable
冲泡饮料,4,Brewed drink
虫,4,insect
虫子,4,insect
米虫,4,Rice bug
宠物毛,8,Pet hair
抽纸,8,Draw paper
绸带,1,Ribbon
丝绸制品,1,Silk products
臭豆腐,4,Stinky Tofu
臭鸡蛋,4,Rotten eggs
臭袜子,8,Smelly socks
打印出来的纸,1,Printed paper
厨余,4,Kitchen waste
厨房纸,8,Kitchen paper
厨房垃圾,4,Kitchen garbage
除草剂,2,herbicide
除湿盒,1,Dehumidifier box
除湿机,1,dehumidifier
传单,1,Flyer
传真机,1,fax machine
传真纸,1,fax paper
手串,8,Bracelets
窗帘,1,curtain
窗纱,8,window screening
床单,1,sheet
创可贴,8,band Aid
创口贴,8,Bandage
用的创可贴,8,Band-Aid
吹风机,1,hair dryer
电吹风,1,hair dryer
锤子,1,hammer
铁锤,1,Hammer
春梅,4,Spring plum
唇膏,8,Lipstick
润唇膏,8,lip balm
磁带,8,Tape
磁卡,8,Magnetic card
磁铁,1,magnet
瓷片,8,Tiles
瓷器,8,porcelain
瓷碗,8,Porcelain bowl
鱼刺,4,Fishbone
一次性碗,8,Disposable bowl
一次塑料杯,8,One-time plastic cup
一次性杯子,8,Disposable cup
葱,4,onion
葱蒜,4,Shallots and garlic
大葱,4,Green onions
醋瓶,1,Vinegar bottle
脆骨,4,Brittle bones
水果脆,4,Fruit crisp
内存条,1,RAM
3.5英寸软盘,8,3.5 inch floppy disk
打包袋,8,Packing bag
打包盒,8,Packing box
打底裤,1,Leggings
担担面,4,Carrying side
鸡毛掸,8,Feather Duster
鸡毛掸子,8,Feather duster
海胆,4,sea ​​urchin
海胆壳,8,Sea urchin shell
鸡旦壳,4,Chicken shell
淡菜,4,Mussels
弹簧,1,spring
子弹,8,bullet
蛋,4,Egg
蛋糕,4,cake
蛋黄,4,yolk
麦当劳纸袋,1,McDonald's paper bag
刀片,1,blade
飞刀,1,Flying knife
剪刀,1,Scissors
导线,1,wire
塑料管道,1,Plastic pipe
拍立得,1,Polaroid
的确良,1,Really good
破的碗,8,Broken bowl
贝壳的肉,4,Shell meat
灯管,2,Light tube
灯泡,2,Light bulb
登山杖,1,Trekking poles
低温牛奶盒子,1,Low temperature milk box
竹笛,8,Bamboo flute
底片,8,Film
粉底,8,Foundation
地毯,1,carpet
烟蒂,8,Cigarette butts
香烟蒂,8,Cigarette butt
抽完的烟蒂,8,Cigarette butts
快递袋,8,Courier bag
快递盒,1,Courier box
快递箱,1,Courier box
糕点,4,pastry
早点盒,8,Early box
垫子,1,mat
护垫,8,Pad
电灯,1,Electric light
电锅,1,Electric pot
淀粉,4,starch
木雕,1,Woodcarving
掉落的头发,8,Falling hair
吊牌,8,Tag
衣服吊牌,8,Clothes tag
钓鱼竿,8,Fishing rod
钓鱼钩,8,Fishing hook
钓鱼线,8,Fishing line
空调,1,air conditioner
空调机,1,air conditioner
空调扇,1,Air-conditioning fan
碟片,8,Disc
光碟,8,CD
碗碟,8,dishes
丁字裤,8,Thong
铁钉,1,Nails
图钉,8,Pushpin
洋钉,1,Foreign nails
机顶盒,1,Set-top box
吸顶灯,2,Ceiling light
电视机顶盒,1,Television set-top box
订书钉,8,Staples
订书机,1,stapler
订书针,8,Staples
冬瓜,4,Winter melon
冬笋壳,4,Winter bamboo shoot shell
冬枣核,4,Winter Jujube Seeds
动物毛,8,Animal hair
果冻,4,jelly
果冻盒,8,Jelly box
冷冻食品,4,frozen food
电熨斗,1,Electric iron
水斗漏网,8,Funnel
大豆,4,Soybeans
豆腐,4,Tofu
豆类,4,Beans
毒鼠强,2,Tetramine
杀毒剂,2,Disinfectant
消毒药片,2,Disinfection tablets
电子书阅读器,1,E-book reader
杜蕾斯,8,Durex
温度计,2,thermometer
废温度计,2,Waste thermometer
电子温度计,1,Electronic thermometer
短裤,8,shorts
缎带,1,ribbon
多肉,4,Succulent
多肉植物,4,succulent plants
养乐多瓶,1,Yakult bottle
花朵,4,Flowers
鹅,4,Goose
儿童玩具,1,kids toys
婴儿尿布,8,Baby diapers
耳环,1,earrings
耳机,1,earphone
耳屎,8,cerumen
二手衣物,1,Second-hand clothing
发胶,8,Hair spray
发蜡,8,Hair wax
发票,8,bill
盐酸伐昔洛韦片,2,Valaciclovir Hydrochloride Tablets
书法纸,1,Calligraphy paper
帆布包,1,canvas bag
番茄,4,tomato
番薯,4,Sweet potato
番茄酱,4,ketchup
饭,4,Rice
菜饭,4,Paella
饭菜,4,Meal
魔方,8,Rubik's Cube
方便筷,8,Convenient chopsticks
方便面,4,Instant noodles
防腐剂,8,preservative
纺织布,1,Textile cloth
纺织品,1,textile
纺织物,1,Textiles
放大镜,1,magnifier
录放机,1,VCR
咖啡,4,coffee
咖啡包,4,Coffee bag
咖啡袋,8,Coffee bag
飞机杯,8,Aircraft Cup
肥料,8,fertilizer
肥皂,8,Soap
花肥,8,Flower fertilizer
夫妻肺片,4,Husband and wife lung tablets
废铝,1,Scrap aluminum
废书,1,Scrap book
废铁,1,Scrap iron
电费账单,1,Electricity bill
粉笔,8,chalk
信封,1,envelope
封箱带,8,Sealing tape
密封袋,8,sealed bag
蜂蜜罐,1,Honey jar
风扇,1,fan
风衣,1,Windbreaker
风筝,8,Kite
缝纫针,8,Sewing needle
敷料,8,dressing
护肤品,8,Skin care products
润肤霜,1,Moisturizer
护肤霜瓶,1,Skin cream bottle
服装,1,clothing
衣服,1,clothing
废衣服,1,Waste clothes
腐肉,4,carrion
复写纸,8,carbon
复印机,1,Copier
复印纸,1,Copy Paper
富贵竹,4,Wealthy Bamboo
高附加值可回收物,1,High value-added recyclables
咖啡纸杯(内表面附塑料膜),8,Coffee paper cup (with plastic film on the inner surface)
涂改笔,8,Correction pen
氯化钙除湿剂,8,Calcium chloride dehumidifier
笔盖,8,Pen cap
锅盖,8,Lid
铝盖,1,Aluminum cap
干果,4,dried fruit
干花,4,Dried flowers
甘蔗,4,sugar cane
甘蔗皮,8,Sugarcane peel
甘蔗渣,4,Bagasse
笔杆,8,pen
晾衣杆,1,Clothes rail
桔柑,4,Tangerine
竹竿,8,bamboo
鸡肝,4,Chicken liver
感光片,2,Photosensitive film
感冒药,2,Cold medicine
感光胶片,2,Sensitive film
麦秆,4,Wheat straw
钢笔,8,pen
烟缸,1,Ashtray
鱼缸,1,Fish tank
高粱,4,Sorghum
乐高,1,Lego
高跟鞋,1,High heel
石膏,8,plaster
牙膏,8,toothpaste
糕饼,4,cake
草稿纸,1,Draft paper
写过的草稿纸,1,Scratch paper
广告单,1,leaflets
广告纸,1,flyer
小广告,1,Small ad
大哥大,1,Big Brother
鸽子,4,Pigeon
皮革,1,leather
旧包皮革,1,Old bag leather
皮革制品,1,Leather
蛤蜊,8,clams
蛤蟆,4,Toad
花蛤,8,Flower clam
隔离霜,8,Base cream
隔夜菜,4,Overnight dishes
个人计算机,1,Personal computer
各式皮包,1,All kinds of leather bags
各类刀、刀片,1,All kinds of knives and blades
各类过期食品,4,All kinds of expired food
菜根,4,Root
树根,4,root
菜梗,4,Vegetable stem
桔梗,4,Platycodon
菜梗菜叶,4,Nakyo green leaf
工资卡,1,Salary card
美工刀,1,Utility knife
公仔,1,Doll
公交卡,1,Bus card
含汞体温计,2,Mercury thermometer
含汞温度计,2,Mercury thermometer
含汞血压计,2,Mercury sphygmomanometer
铁钩,1,Iron hook
勾线笔,8,Hook line pen
水垢,8,Scale
购物纸袋,1,Shopping paper bag
塑料购物袋,8,Plastic shopping bag
纸质购物袋,1,Paper shopping bag
菌菇,4,Mushroom
蘑菇,4,mushroom
香菇,4,mushroom
晒鼓墨盒,1,Tantan Cartridge
古筝,16,Guzheng
大骨,8,Large bone
谷物,4,cereals
鸡屁股,4,Chicken butt
鸭屁股,4,Duck butt
烟屁股,8,Cigarette butt
固体胶,8,Solid glue
雨刮器,8,Wiper
刮胡子刀片,1,Shaving blade
汽车雨刮器,8,Car wiper
瓜,4,melon
瓜果,4,Melons and fruits
挂历,1,Wall calendar
挂钟,1,wall clock
挂号纸,1,Registered paper
铝管,1,Aluminum tube
吸管,8,straw
罐头,1,can
铝罐,1,Aluminum can
陶罐,8,Earthenware pot
光盘,8,CD
光驱,1,Optical drive
玫瑰,4,Rose
玫瑰花,4,Rose flower
干枯玫瑰花,4,Dry rose
硅胶,8,Silica gel
乌龟壳,8,Tortoise shell
桂圆,4,Longan
桂圆核,4,Longan nucleus
桂圆壳,4,Longan Shell
铁棍,1,Iron rod
冰棍棒,8,Popsicle stick
糖葫芦棍,8,Candied haws stick
锅,1,pot
过滤盒,8,Filter box
过滤器,8,filter
哈密瓜皮,4,Cantaloupe peel
孩子尿片,8,Baby diapers
小孩尿布,8,Baby diapers
海带,4,kelp
有害垃圾,2,Hazardous waste
含油抹布,8,Oily wipes
焊丝,1,Welding wire
汗衫,1,undershirt
记号笔,8,Marker pen
取号纸,8,Number paper
喝过的茶叶,4,Drunk tea
喝完的药瓶,2,Finished medicine bottle
喝过的茶叶渣,4,Tea dregs
荷包蛋,4,Poached egg
果核,4,Pit
梨核,4,Pear core
桃核,4,Peach pit
糖和藕粉,4,Sugar and lotus root powder
铝合金,1,Aluminum alloy
复合包装,8,Composite packaging
合金玩具,1,Alloy toys
笔盒,1,Pen case
饭盒,8,lunch box
河豚,4,Pufferfish
贺卡,1,Greeting card
黑豆,4,Black beans
黑猪,4,Black pig
烘干机,1,Dryer
烘手器,1,Hand dryer
红笔,8,Red pen
红薯,4,sweet potato
猕猴桃,4,Kiwi
厚纸板,1,Cardboard
厚塑料袋,8,Thick plastic bag
厚型塑料袋,8,Thick plastic bag
粉碎后的打印纸,8,Shredded printing paper
洗净后的牛奶盒,1,Milk carton after washing
打印后的彩色照片,2,Color photo after printing
呼叫器,1,pager
珊瑚,8,coral
茶壶,8,teapot
油壶,1,Oil can
玻璃壶,1,Glass jug
胡子,8,beard
胡椒粉,4,pepper
浆糊,8,paste
虎牙,8,Huya
护目镜,8,Goggles
花,4,flower
菜花,4,cauliflower
华为手机,1,Huawei cell phone
金华火腿,4,Jinhua ham
精华液瓶,1,Essence bottle
防滑垫,1,Non-slip mat
润滑剂,8,Lubricant
润滑油,8,lubricating oil
画笔,8,brush
画纸,1,Drawing paper
胶画,8,Glue painting
绿化,4,Greening
钢化膜,8,Tempered film
电话,1,telephone
话梅,4,Plum
话筒,1,microphone
坏发卡,8,Bad issuance
坏钢笔,8,Bad pen
手环,8,wristband
环保袋,1,Eco Bag
黄豆,4,soy
黄瓜,4,cucumber
灰,8,Ash
徽章,8,badge
回收物,1,Recycled content
回形针,8,paper clip
可回收,1,Recyclable
花卉,4,flowers
花卉绿植,4,Flowers and green plants
花卉植物,4,Flower plant
会员卡,1,membership card
婚戒,1,Wedding ring
结婚证书,1,Marriage certificate
活性炭,8,Activated carbon
活性炭滤芯,8,Activated carbon filter
火锅,4,hot pot
干货,4,Dry goods
干垃圾,8,Dry garbage
干拉圾,8,Dry garbage
垃圾袋,8,garbage bag
火机,8,Lighter
积木,1,blocks
木积木,1,Wooden blocks
塑料积木,1,plastic Lego
冰激淋,4,Ice cream
冰激凌,4,Ice cream
冰激凌木棒,8,Ice cream stick
鸡,4,Chick
鸡蛋,4,egg
书籍,1,books
水产及其加工食品,4,Aquatic products and processed foods
食物残渣及宠物饲料,4,Food scraps and pet feed
急支糖浆,2,Emergency syrup
月季,4,Chinese rose
药剂,2,Pharmacy
除湿剂,8,Dehumidifier
计算机,1,computer
计算器,1,Calculator
体温计,2,thermometer
笔记本,1,notebook
笔记本纸,1,Notebook paper
夹克,1,jacket
衣夹,8,clothespin
马夹袋,8,Waistbag
家电,1,Home appliances
废家电,1,Waste home appliances
加湿器,1,humidifier
加工类食品,4,Processed food
肉蛋加工食品,4,Meat and Egg Processed Food
花甲,8,Sixtieth
甲油,2,Nail polish
甲鱼,4,Turtle
高铁酸钾,2,Potassium Ferrate
假发,8,wig
假牙,8,denture
假发套,8,Wig sets
铁架,1,Iron frame
坚果,8,nut
坚果壳,8,Nut shell
坚果果壳,8,Nut shell
卫生间纸,8,Toilet paper
打印间碎纸,1,Shredded paper in print room
卫生间废纸,8,Toilet waste paper
煎鍋,1,Frying pan
生煎,4,Pan Fried Dumpling
生煎包,4,Pan Fried Bun
碱性无汞电池,8,Alkaline mercury-free battery
剪纸,8,Paper cut
剪子,1,scissors
键盘,1,keyboard
废键盘,1,Waste keyboard
文件袋,8,file holder
文件夹,1,folder
过期保健品,2,Expired health products
蜜饯,4,Candied fruit
姜,4,ginger
生姜,4,ginger
麻将牌,8,Mahjong tiles
麻将台,1,Mahjong Table
豆浆袋,8,Soy milk bag
豆浆袋子,8,Soy milk bag
果酱,4,jam
酱料,4,Sauce
酱汁,4,Sauce
可降解塑料,1,Biodegradable plastic
可降解垃圾袋,8,Degradable garbage bag
可降解塑料袋,8,Biodegradable plastic bag
香蕉,4,banana
烂香蕉,4,Rotten banana
菜椒,4,Cauliflower
花椒,4,Sichuan peppercorn
辣椒,4,chili
交通卡,1,Traffic card
木质搅拌棒,8,Wooden stirring rod
泔脚,4,Slap
脚皮,8,Foot skin
猪脚,4,Pig's feet
菱角,4,water chestnut
牛角,8,Horns
饺子,4,dumpling
水饺,4,Dumplings
水饺袋,8,Dumpling bag
污染较严重的纸张,8,More contaminated paper
接线板,1,Wiring board
节能灯,2,Energy-saving lamps
废节能灯,2,Waste energy-saving lamps
节能灯管,2,Energy-saving lamps
桔,4,Tangerine
假睫毛,8,Fake eyelashes
睫毛膏,8,mascara
睫毛刷,8,Eyelash brush
清洁瓶,1,Clean bottle
毛豆结,4,Edamame Knot
结成团的猫砂,8,Clumped cat litter
戒指,1,ring
金戒指,1,gold ring
毛巾,8,towel
湿巾,8,Wipes
牛筋,4,Beef tendon
皮筋,8,Rubber band
黄金,1,gold
金属,1,Metal
金鱼,4,goldfish
香烟灰烬,8,Cigarette ashes
根茎蔬菜,4,Root vegetables
蔬菜茎叶,4,Vegetable stems and leaves
水果茎枝,4,Fruit stems
液晶屏,1,LCD screen
液晶电视,1,LCD TV
鸡精,4,Chicken Essence
味精,4,MSG
镜子,8,Mirror
墨镜,8,sunglasses
眼镜,8,Glasses
净水器,1,Water Purifier
干净塑料,1,Clean plastic
净水滤芯,8,Water purification filter
韭菜,4,Chinese chives
针灸针,8,Acupuncture needles
酒酿,4,Fermented rice
酒瓶,1,Wine bottle
旧报,1,Old newspaper
旧书,1,Old book
旧鞋,1,Old shoes
聚乙烯饭盒,8,Polyethylene lunch box
收据,8,Receipt
数据线,1,Data line
皮具,1,Leather goods
蛋卷,4,Egg roll
胶卷,2,film
卷烟,8,cigarette
杀菌剂,2,Fungicide
无菌包装塑料,8,Aseptic packaging plastic
卡,8,Card
开心果,4,pistachio
开心果壳,4,Pistachio shell
旧报刊,1,Old newspapers
糠,4,bran
糠饼,4,Bran cake
考卷,1,Test paper
考试卷,1,Examination papers
烤箱,1,oven
烧烤棒,8,BBQ stick
靠垫,1,Cushion
靠枕,1,pillow
笔壳,8,Pen case
咳嗽糖浆,2,Cough syrup
可擦笔,8,Erasable pen
扑克,1,poker
马克笔,8,marker
空罐头,1,Empty can
空酒瓶,1,Empty wine bottle
遥控车,1,Remote control car
遥控器,1,remote control
空调遥控器,1,air-conditioner remote
口红,8,Lipstick
口罩,8,Facial mask
纽扣,8,Buttons
钮扣,8,Buttons
纽扣电池,2,Button Battery
枯叶,4,Dead leaves
枯枝,4,Dead branches
干枯花,4,Dried flower
裤袜,1,Tights
裤子,1,Pants
铁块,1,Iron block
筷子,8,Chopsticks
木筷,1,Wooden chopsticks
竹筷,8,Bamboo chopsticks
快餐盒,8,Fast food box
塑料筐,1,Plastic baskets
塑料篮筐,1,Plastic basket
塑料水果筐,1,Plastic fruit basket
相框,1,Photo frame
黑框眼镜,8,Black-rimmed glasses
矿水瓶,1,Mineral water bottle
矿泉水瓶,1,Mineral water bottles
矿泉水瓶子,1,Mineral water bottle
头盔,8,helmet
葵花籽,4,Sunflower seeds
葵花子壳,4,Sunflower husk
葵花籽壳,4,Sunflower husk
死昆虫,4,Dead insects
垃圾桶,1,garbage can
拉链,8,zipper
拉拉裤,8,Pull-up pants
蜡笔,8,crayon
蜡纸,8,stencil
腊肉,4,Bacon
辣酱,4,Hot sauce
辣条,4,Spicy strips
剩莱,4,Leftover
一次性莱盒,8,One-time Lei Box
自来水滤芯,8,Tap water filter
蓝莓干,4,Dried blueberries
塑胶菜蓝子,1,Plastic cabbage
花篮,8,Flower basket
篮球,1,basketball
竹篮,8,Bamboo basket
西兰花,4,broccoli
电缆,1,cable
烂桔,4,Rotten orange
烂桃,4,Rotten peach
烂菜叶,4,Rotten leaves
槟榔,4,Betel nut
榔头,1,Hammer
槟榔壳,4,Betel nut shell
老鼠药,2,Rat poison
死老鼠,4,dead mouse
奶酪,4,cheese
可乐杯,8,Coke cup
可乐罐,1,Coke can
肋骨,8,rib cage
肋排,4,Ribs
布类,1,Cloth
蛋类,4,Eggs
擦眼泪的纸,8,Paper for wiping tears
瓦楞纸,1,corrugated paper
冷饮,8,cold drink
冷饮棒,8,Cold drink stick
冷饮袋,8,Cold drink bag
车厘子,4,cherries
梨,4,pear
离心纸,8,Centrifuge paper
钢笔里的墨囊,8,Ink sac in a pen
纸制糖果礼盒,1,Paper candy gift box
荔枝核,4,Lychee
荔枝壳,4,Lychee Shell
荔枝干壳,4,Lychee Dried Shell
栗子,4,Chestnut
板栗壳,4,Chestnut shell
可丽饼,4,Crepe
麦丽素,4,Melissa
日历,1,calendar
台历,1,Desk calendar
便利贴,8,Post-it
乐利包,1,Le Li Bao
利乐包,1,Tetra Pak
果粒,4,Fruit
牛肉粒包装袋,8,Beef cube packaging bag
沥水架,1,Drain rack
磁力片,8,Magnetic sheet
魔力擦,8,Magic wipe
巧克力,4,chocolate
琉璃,1,Liuli
联通卡,8,Unicom Card
莲藕,4,Lotus root
莲蓬,4,Lotus
莲雾,4,wax apple
连裤袜,1,Pantyhose
连衣裙,1,dress
骨肉相连,4,Connected with flesh and blood
洗脸巾,8,Face towel
护脸霜瓶,1,Face cream bottle
塑料脸盆,1,Plastic washbasin
项链,1,necklace
金属拉链,1,Metal zipper
练习本,1,excercise book
狗粮,4,Dog food
粮食,4,food
猫粮,4,Cat food
凉皮,4,Liangpi
凉席,8,Summer mat
空调两用风扇,1,Air conditioner dual purpose fan
少量泥土,8,A small amount of soil
晾衣架,1,Drying rack
塑料晾衣架,1,Plastic drying rack
坏了的碗,1,Broken bowl
破了的碗,1,Broken bowl
坏了的玩具,1,Broken toy
布料,1,Cloth
盘尼西林,2,penicillin
鱼鳞,4,Fish scales
鱼鳞鱼肠,4,Fish scales fish intestines
冰淇淋,4,ice cream
零食,4,snack
零食袋,8,Snack bag
零食罐,8,Snack jar
哑铃,1,dumbbel
马铃薯,4,potato
马铃薯片,4,Potato chips
领带,1,tie
红领巾,1,red scarf
毛领子,1,Fur collar
溜溜球,8,Yo-Yo
榴莲干,4,Dried Durian
榴莲核,8,Durian core
榴莲壳,8,Durian Shell
镇流器,1,Ballast
电子镇流器,1,Electronic ballast
龙虾,4,lobster
大龙虾,4,Lobsters
龙虾壳,4,Lobster shell
鸟笼,8,birdcage
芦荟,4,Aloe
芦稷,4,Lu Ji
芦稷皮,8,Reed
甜卢蜀,4,Sweet Lu Shu
炉渣,8,Slag
电磁炉,1,induction cooker
电暖炉,1,Electric heater
卤素灯,2,Halogen lamp
卤素灯泡,2,Halogen bulb
花露水瓶,1,Toilet water bottle
沐浴露瓶,1,Shower gel bottle
洗发露瓶,1,Shampoo bottle
电路板,1,Circuit board
路由器,1,router
线路板,1,circuit board
录像带,2,Videotape
录音机,1,recorder
铝,1,aluminum
旅行袋,1,Travel bag
旅游时报,1,Travel times
滤网,8,Filter
滤芯,8,Filter element
绿豆,4,green beans
绿萝,4,Green dill
海螺,8,conch
花螺,8,Flower snail
螺帽,1,Nut
绿箩,4,Green basket
落发,8,Hair loss
落叶,4,Fallen leaves
落花生,4,peanut
姨妈巾,8,Aunt towel
老干妈辣酱,4,Lao Gan Ma Hot Sauce
麻布,1,Azabu
麻袋,8,sack
麻绳,8,hemp rope
密码锁,1,password
马肉,4,horsemeat
买菜的包装袋,8,Grocery bags
麦子,4,wheat
烧卖,4,Siu mai
外卖盒,8,Takeaway box
外卖餐盒,8,Takeaway lunch box
馒头,4,Steamed bun
蔓藤,4,Vine
藤蔓,4,vine
漫画,1,comics
漫画书,1,comic book
芒果,4,mango
芒果干,4,Dried mango
芒果核,4,Mango pit
貂毛,8,Mink
狗毛,8,Dog hair
帽子,1,hat
浴帽,8,Shower cap
泡沫箱属于什么垃圾,1,What kind of rubbish does the foam box belong to?
杨梅,4,Bayberry
发霉食物,4,Moldy food
煤饼,8,briquette
煤灰,8,coal ash
煤渣,8,cinder
没用过尿片,8,Never used diapers
没用过的纸杯,8,Unused paper cup
没用过的尿不湿,8,Unused diapers
眉笔,8,eyebrow pencil
美瞳,8,Cosmetic contact lenses
门锁,1,Door lock
柠檬,4,lemon
米,4,Meter
大米,4,Rice
菠萝蜜,4,jackfruit
棉,1,cotton
海绵,8,sponge
海绵垫,8,Sponge mats
海绵纸,8,Sponge paper
面,4,noodle
面包,4,bread
灭火器,1,Fire extinguisher
灭蚊剂,2,Mosquito killer
废灭火器,1,Waste fire extinguisher
玻璃器皿,1,glassware
明信片,8,postcard
三明治,4,sandwich
说明书,1,manual
名画,8,Famous paintings
名片,1,business card
塑料模型,1,Plastic model
面膜,8,Facial mask
磨刀器,1,knife sharpener
磨砂膏,8,Scrub
摩丝,8,mousse
摩易擦,8,Easy to wipe
魔笔,8,Magic pen
抹布,8,rag
废抹布,8,Waste wipes
旧抹布,8,Old rag
速溶饮料粉末,4,Instant beverage powder
墨粉,8,Toner
墨盒,1,Ink cartridge
默写本,1,Transcript
泡沫,1,Foam
肉沫,4,Minced meat
泡沫板,1,Foam board
牡蛎壳,8,Oyster shell
牡蛎肉,4,Oyster Meat
吃剩下的牡蛎壳,8,Eat leftover oyster shells
屏幕,1,Screen
荧幕,1,Screen
电脑屏幕,1,computer screen
树叶是那种垃圾,4,Leaves are the kind of garbage
收纳箱,1,Storage Box
塑料收纳盒,1,Plastic storage box
奶粉,4,milk powder
奶盒,1,Milk box
南瓜,4,pumpkin
南瓜皮,4,Pumpkin peel
南瓜子壳,4,Pumpkin Seed Shell
笔囊,8,Pen pouch
胶囊,2,capsule
墨囊,8,Ink sac
电脑,1,computer
猪脑,4,Pig brain
电脑包,1,laptop bag
闹钟,1,Alarm clock
内裤,8,Panties
内衣,8,underwear
内脏,4,Viscera
花泥,8,Flower mud
尼龙绳,8,nylon rope
尼龙丝袜,8,Nylon stockings
尼龙制品,8,Nylon products
油腻的餐巾纸,8,Greasy napkin
年糕,4,rice cake
少年报,1,Youth Daily
尿布,8,diaper
尿垫,8,Changing pad
尿裤,8,Diapers
镍镉电池,2,Nickel-cadmium batteries
牛,4,Cattle
塑料纽扣,1,Plastic buttons
农药片,2,Pesticide tablets
圣女果,4,Cherry tomatoes
女生内衣,8,Girls underwear
女性卫生用品,8,Feminine hygiene products
暖瓶,1,thermos bottle
保暖瓶,1,Thermos bottle
呕吐包,8,Vomiting bag
呕吐物,4,Vomit
布偶,1,Puppet
玩偶,1,doll
布玩偶,1,Cloth doll
手帕,8,handkerchief
电蚊拍,1,Electric mosquito swatter
大排,4,Big row
鸡排,4,Chicken chop
铜牌,1,bronze medal
菠萝派,4,Pineapple Pie
U盘,1,U Disk
乒乓板,8,Ping pong board
乒乓球,1,pingpong
日抛美瞳,8,Daily cosmetic contact lenses
灯炮,2,Light bulb
泡面,4,Instant noodles
泡馍,4,Pao Mo
水培植物,4,Hydroponic plants
电脑配件,1,Computer Accessories
铝喷雾瓶,1,Aluminum spray bottle
喷蟑螂瓶,2,Cockroach spray bottle
杀虫喷雾,2,Insecticide spray
花盆,8,flowerpot
铝盆,1,Aluminum basin
盆栽,4,Potted plants
帐篷,16,tent
膨化食品,4,Puffed food
膨化食品包装,8,Puffed food packaging
披萨,4,Pizza
雨披,8,poncho
披萨盒,8,Pizza box
啤酒盖,1,Beer cap
啤酒罐,1,Beer can
啤酒瓶,1,beer bottle
菜皮,4,Vegetable peel
草皮,4,turf
漂白粉,8,bleaching powder
漂白剂罐,2,Bleach tank
票,8,ticket
食品,4,food
饰品,8,accessories
药品,2,drug
苹果,4,Apple
烂苹果,4,Rotten apple
苹果核,4,Apple core
平底锅,1,Saucepan
平板玻璃,1,plate glass
平板电脑,1,tablet
电瓶,1,Battery
破布,1,rag
破碗,8,Broken bowl
破瓷品,8,Broken porcelain
扑克牌,1,Playing cards
猪肉铺,4,Pork shop
葡萄,4,Grape
葡萄皮,4,grapeskin
普通塑料袋,8,Ordinary plastic bag
过期药,2,Expired medicine
过期饼干,4,Expired cookies
漆桶,2,Paint bucket
油漆,2,paint
废油漆,2,Waste paint
其他垃圾桶,1,Other trash cans
象棋,8,Chess
曲奇,4,Cookies
吃过的奇趣蛋,8,Funny eggs
电器,1,Electrical appliances
陶器,8,Pottery
气球,8,balloon
充气娃,1,Inflatable baby
煤气罐,1,Gas tank
废弃布包,1,Discarded cloth bag
废弃地毯,1,Abandoned carpet
废弃电线,1,Discarded wires
铅笔,8,pencil
铅桶,1,Lead bucket
铅芯,8,Lead core
棉签,8,Cotton swab
指甲钳,1,Nail clippers
金枪鱼罐头,1,Canned tuna
墙刷,8,Wall brush
一块墙皮,8,A piece of wall covering
强化玻璃,1,Tempered glass
敲碎的碗,8,Broken bowl
巧克力袋子,8,Chocolate bag
巧克力盒子,8,Chocolate box
茄子,4,eggplant
电子琴,1,Electronic organ
芹菜,4,celery
芹菜叶,4,Celery leaves
家禽内脏,4,Poultry offal
青菜,4,Green vegetables
氢气罐,1,Hydrogen tank
氢气球,8,Helium balloon
氢气球充气钢瓶,1,Hydrogen balloon gas cylinder
滤清器,8,Filter
汽车空气滤清器,1,Car air filter
情趣内衣,8,Sexy lingerie
琼脂,4,Agar
营养琼脂,4,Nutrient agar
秋衣,1,Autumn clothes
棉球,8,Cotton ball
皮球,1,Ball
驱蚊瓶,1,Mosquito repellent bottle
发圈,8,Hair ring
铁圈,1,Iron ring
甜甜圈,4,Donut
围裙,1,apron
燃油罐,1,Fuel tank
染发剂罐,2,Hair dye tank
染发剂壳,2,Hair dye shell
污染报纸,8,Polluting newspapers
丝瓜瓤,4,Loofah
电热毯,1,Electric blanket
退热贴,8,Antipyretic stickers
电热水袋,1,Electric hot water bottle
杏仁,4,almond
瓜子仁,4,Melon seeds
虾仁壳,4,Shrimp shell
无人机,1,Drone
仙人球,4,Cactus
日报,1,daily
日光灯,2,fluorescent lamp
有机溶剂,2,Organic solvents
速溶咖啡包装,8,Instant coffee packaging
电容器,1,Capacitor
美容仪,1,Beauty Instrument
玻璃制容器,1,Glass container
绒娃娃,1,Velvet doll
绒线衣,1,Sweater
羽绒被,1,Duvet
棉柔巾,8,Cotton soft towel
肉,4,Meat
大骨（如：猪腿骨）,8,Large bones (e.g. pork leg bones)
乳牙,8,Deciduous teeth
豆腐乳,4,fermented bean curd
沐浴乳,8,Body Wash
入厕用纸,8,Toilet paper
软骨,4,Cartilage
软盘,8,floppy disk
软糖,4,Fudge
润发乳,8,Conditioner
花洒,1,Shower
披萨饼盒,8,Pizza Box
木塞,8,Cork
软木塞,8,cork
酒瓶塞子,8,Wine bottle stopper
三杯鸡,4,Three cups chicken
三文鱼,4,salmon
伞,8,umbrella
雨伞,8,umbrella
旧雨伞,8,Old umbrella
散粉,8,Loose powder
桑叶,4,Mulberry Leaf
扫帚,8,broom
扫地机,1,Sweeper
彩色笔,8,colour pencil
标签色带,8,Label ribbon
彩色玻璃,1,Multicolored Glass
猫砂,8,Cat litter
砂锅,8,Casserole
砂皮,8,Sand skin
杀虫剂,2,Insecticide
猫沙,8,Nekosha
纱布,8,gauze
纱窗,8,Screen window
防晒霜,8,Sunscreen
防晒霜罐,1,Sunscreen jar
山芋,4,Yam
山竹,4,Mangosteen
羊毛衫,1,Wool sweater
电扇,1,Electric fan
烫伤膏,2,Burn ointment
纸质商标,8,Paper trademark
上衣,1,Jacket
床上用品,1,bed linings
烧鸡,4,Roast chicken
红烧肉,4,Braised pork
勺子,1,spoon
塑料勺,8,Plastic spoon
蛇皮袋,8,Snakeskin bag
摄像机,1,Video camera
摄像头,1,Camera
注射器,8,syringe
无菌注射器包装,8,Sterile syringe packaging
养身壶,1,Health pot
花生,4,peanut
生菜,4,lettuce
生蚝,8,Oysters
棉绳,8,Cotton rope
绳子,1,rope
盛装湿垃圾的垃圾袋,8,Garbage bags for wet garbage
剩菜,4,Leftovers
剩餐,4,Leftovers
剩饭,4,Leftovers
螺狮,4,Snail
螺狮壳,4,Snail shell
施工安全帽,1,Construction helmet
湿纸,8,Wet paper
使用的餐巾纸,8,Napkins used
使用过的餐盒,8,Used lunch box
使用过的猫砂,8,Used cat litter
废台式机,1,Scrap desktop
硬式磁碟机,1,Hard drive
显示器,1,monitor
显示屏幕,1,display screen
芝士,4,Cheese
芝士片,4,Cheese slices
西红柿,4,tomato
乐事薯片,4,Lay's Potato Chips
擦拭过的餐巾纸,8,Wiped napkin
油漆稀释剂,2,Paint thinner
电视,1,television
电视机,1,TV set
废电视,1,Waste TV
试卷,1,Test paper
试纸,8,Test paper
寿司,4,sushi
受污纸巾,8,Contaminated paper towels
受潮的纸张,1,Damp paper
受过污染的纸,8,Contaminated paper
蔬菜,4,vegetable
蔬果,4,Fruits and vegetables
烂蔬菜,4,Rotten vegetables
木梳,1,Wooden comb
梳子,8,comb
木梳子,1,Wooden comb
书,1,Book
熟菜,4,ready meal
熟鸡蛋,4,Hard-boiled eggs
熟虾壳,4,Cooked Shrimp Shell
薯片,4,potato chips
甜芦黍,4,Sweet reed
废金属,1,Scrap metal
金属罐,1,Metal can
美术袋,8,Art bag
美术黏土,8,Art clay
树皮,4,Bark
数学书,1,Math book
漱口水瓶子,1,Mouthwash bottle
牙刷,8,toothbrush
化妆刷,8,Makeup brush
面霜,8,cream
眼霜,8,Eye cream
双面胶,8,Double-sided tape
双面胶带,8,double-sided tape
爽肤水瓶,1,Toner bottle
胶水,8,glue
水笔,8,Pen
水彩,8,watercolor
纸质说明书,1,Paper instructions
瓦斯桶,1,Gas barrel
手撕猪肉,4,Pulled pork
钢丝,1,Steel wire
死花,4,Dead flower
饲料,4,feed
猫饲料,4,Cat feed
饲料袋,8,Feed bag
松子,4,Pine nuts
松子壳,4,Pine nut shell
松木猫砂,8,Pine cat litter
素菜,4,Vegetable
快速面盒,8,Fast noodle box
速冻饺子,4,Quick-frozen dumplings
速冻水饺,4,Quick-frozen dumplings
粟子壳,4,Millet shell
甜芦粟,4,Sweet milo
甜芦粟皮,8,Sweet Milo Bark
塑料,1,plastic
废塑料,1,waste plastic
酸奶袋,8,Yogurt bag
酸奶盖,8,Yogurt cover
蒜,4,garlic
大蒜,4,garlic
废弃计算机,1,Discarded computer
碎布,1,Rags
碎瓷,8,Broken Porcelain
碎骨,4,Broken bones
玉米穗,4,Ear of corn
破损瓷器,8,Broken porcelain
污损纸张,8,Stained paper
破损垃圾袋,8,Damaged garbage bag
笋壳,4,Bamboo shell
笋皮,4,Bamboo shoot skin
竹笋,4,Bamboo shoots
梭子蟹,4,Portunus
压缩瓶,1,Compressed bottle
锁,1,Lock
锁头,1,Lock
厕所手纸,8,Toilet paper
蛋挞,4,egg tart
蛋挞壳,8,Egg tart shell
蛋挞皮,4,Egg tart wrapper
废踏垫,8,Waste mat
脚踏板,8,Foot pedal
海苔,4,Seaweed
海苔袋子,8,Seaweed bag
台灯,1,desk lamp
印台,8,stamp pad
太阳帽,1,sunhat
太阳能热水管,1,Solar hot water pipe
太阳能热水器,1,solar water heaters
痰盂罐,1,Spittoon
毛毯,1,Blanket
碳灰,8,ash
碳粉匣,1,Toner Cartridge
碳纤维,8,carbon fiber
木炭,8,charcoal
炭包,8,Charcoal package
汤骨,8,Soup bone
鱼汤,4,Fish soup
火锅汤底,4,Hot pot soup base
搪瓷,1,enamel
搪瓷杯,8,Enamel Cup
搪瓷碗,1,Enamel bowl
糖,4,sugar
红糖,4,brown sugar
麻辣烫,4,Mala Tang
黄桃,4,Yellow peach
桃板,4,Peach board
淘宝纸盒,1,Taobao carton
碎陶,8,Broken pottery
陶瓷,8,ceramics
笔套,8,Pen case
耳套,1,earmuffs
藤席,8,Fuji seat
旧手提包,1,Old handbag
手提电脑,1,laptop
蹄髈,4,Hoof
猪蹄,4,Trotters
擦鼻涕纸,8,Snot paper
剃须刀,1,Shaver
剃须刀片,1,Razor blade
剃须泡瓶,1,Shaving foam bottle
泡沫填充,8,Foam filling
田螺,4,river snail
甜瓜,4,melon
布条,1,Cloth
面条,4,Noodle
跳蛋,8,Vibrating egg
跳跳糖包装袋,8,Popping candy packaging bag
贴纸,8,sticker
铁,1,iron
暖宝宝帖,8,Warm baby post
餐厅纸,8,Restaurant paper
家庭花卉,4,Family flowers
家庭绿化,4,Family Greening
家庭盆栽树叶,4,Family potted leaves
铜皮,1,Copper
废铜烂铁,1,Scrap copper and rotten iron
儿童尿不湿,8,Diapers in children
儿童电动玩具,1,Children's electric toys
木桶,1,Wooden barrel
筒骨,8,Tube bone
针筒,2,Syringe
骨头,8,bone
透明胶,8,Transparent glue
透明胶带,8,Scotch tape
一次性透明盒子,8,One-time transparent box
地图,1,map
图画,8,picture
涂料,2,coating
涂料桶,2,Paint bucket
屠龙刀,1,Dragon Sword
土豆,4,Potato
兔肉,4,rabbit
兔头,4,Rabbit head
饭团,4,Rice ball
线团,8,Line regiment
纸团,8,Paper ball
火腿,4,Ham
鸡腿,4,drumstick
腿骨,8,Leg bone
拖鞋,8,slippers
蛋挞托,8,Egg Tart Tart
食物托盘,1,Food tray
塑料托盘,1,Plastic tray
脱水机,1,Dehydrator
脱氧剂,8,Deoxidizer
食品用脱氧剂,8,Food deoxidizer
牛蛙,4,Bullfrog
牛蛙骨头,4,Bullfrog bones
布娃娃,1,Ragdoll
棉袜,1,Cotton socks
丝袜,8,Stockings
外套,1,coat
水笔外壳,8,Pen shell
豌豆壳,4,Pea shell
豌豆殼,4,Pea shell
玩具,1,Toy
药丸,2,pill
蟑螂丸,2,Cockroach pill
擦完嘴的纸,8,Wipe the mouth paper
碗,8,Bowl
茶碗,8,Bowl
万能胶水,8,Universal glue
网线,1,cable
鱼网,8,Fishnet
望远镜,1,telescope
夏威夷果,8,Macadamia
夏威夷果壳,8,Macadamia shell
夏威夷果的壳,8,Macadamia shell
围巾,1,scarf
华为P20,1,Huawei P20
维生素,2,Vitamins
人造纤维,8,Man-made fiber
芦苇叶,8,Reed leaf
枯萎的花,4,Withered flower
枯萎的鲜花,4,Withered flowers
牛尾,4,Oxtail
燕尾夹,1,Dovetail clip
长尾夹,1,Elliot folder
未使用的餐巾纸,8,Unused napkins
调味袋,8,Seasoning bag
调味料,4,seasoning
自慰棒,1,Masturbation stick
自慰器,1,Masturbator
卫衣,1,Hoodie
卫生巾,8,sanitary napkin
保温杯,1,Thermos cup
保温棉,8,Insulation cotton
保温瓶,1,Thermos flask
蚊香,8,Mosquito coil
蚊帐,1,mosquito net
蚊子,4,mosquito
文胸,8,Bra
文竹,4,asparagus
公文包,1,briefcase
蜗牛壳,8,snail shell
燕窝,4,Bird's nest
钨丝,1,Tungsten
钨丝灯泡,2,Tungsten bulb
污水袋,8,Sewage bag
油污布,8,Oily cloth
无纺布,8,Non-woven fabric
无纺布袋,1,Non-woven bags
午饭,4,lunch
午餐肉,4,Luncheon meat
午餐肉罐,1,Luncheon meat tin
西瓜,4,watermelon
西药,2,Western medicine
西柚,4,grapefruit
吸尘器,1,Vacuum cleaner
稀饭,4,porridge
草席,8,straw mat
洗发精,8,Shampoo
洗发水,8,shampoo
游戏机,1,Game console
虾,4,Shrimp
虾壳,4,Shrimp shell
吃剩下的葡萄杆,4,Leftover grape stalks
仙人掌,4,Cactus
海鲜,4,seafood
鲜花,4,Fresh flowers
保鲜袋,8,Fresh-keeping bag
化纤衣物,1,Chemical fiber clothing
咸菜,4,pickle
咸鱼,4,Salted fish
咸鸭蛋壳,4,Salted Duck Egg Shell
显卡,1,Graphics card
保险套,8,condom
保险箱,1,safe
线,8,String
电线,1,electric wire
相机,1,camera
茴香,4,fennel
冰箱,1,refrigerator
机箱,1,Chassis
墨襄,8,Moxiang
音响,1,Audio
电脑小音响,1,Computer speaker
橡胶,8,rubber
橡皮,8,Rubber
废橡胶,8,Waste rubber
象牙,8,ivory
小刀,1,Knife
小骨,4,Small bones
羊蝎子,8,Sheep Scorpion
羊蝎子骨头,8,Sheep Scorpion Bones
鞋,1,shoe
布鞋,1,cloth shoes
写字纸,1,Writing paper
机械表,1,Mechanical watch
卸妆巾,8,Makeup remover
卸妆棉,8,Makeup remover
卸妆油,8,makeup remover
蟹,4,crab
螃蟹,4,Crab
青蟹,4,Blue Crab
笔屑,8,Pen scraps
木屑,8,Sawdust
皮屑,8,Dander
笔芯,8,Refill
玉米心,4,Corn heart
信封带,1,Envelope belt
星巴克纸杯,8,Starbucks paper cup
U型回形针,8,U-shaped paper clip
隐形眼镜,8,Contact lens
银行卡,1,Bank card
杏仁壳,4,Almond shell
水性笔,8,Water-based pen
水性漆,2,Water-based paint
鸡胸,4,Chicken breast
胸罩,8,bra
修正带,8,correction tape
小修正带,8,Small correction tape
不锈钢刀,1,Stainless steel knife
不锈钢杯子,1,Stainless steel cup
绣花针,8,Embroidery needle
胡须刀,1,Shaver
旧棉絮,1,Old cotton wool
宣纸,8,Rice paper
宣传单,1,flyer
皮靴,1,Leather boots
雨靴,1,Rain boots
化学试剂包装玻璃瓶,2,Chemical reagent packaging glass bottle
雪糕棒,8,Ice cream stick
雪糕纸,8,Ice cream paper
鸭血,4,Duck blood
血压计,1,sphygmomanometer
压力罐,1,pressure tank
压力锅,1,Pressure cooker
鸭,4,duck
鸭骨,4,Duck bone
绿豆芽,4,Green bean sprouts
牙,8,tooth
雅漾喷雾,8,Avène Spray
亚克力,1,Acrylic
亚克力板,1,Acrylic board
亚克力胶水,8,Acrylic glue
香烟,8,cigarette
盐,4,Salt
污染严重的纸,8,Polluted paper
污染严重的纸盒,8,Severely contaminated carton
污染严重的纸张,8,Heavily contaminated paper
颜料,8,pigment
颜料板,8,Paint board
颜料笔,8,Paint pen
过期的燕麦片,4,Expired oatmeal
验孕棒,8,Pregnancy tests
羊骨,8,Sheep bone
羊毛,1,wool
洋装,1,Dress
海洋球,1,Ocean ball
遮阳帽,1,Sun hat
除氧剂,8,Deoxidizer
环氧树脂,8,Epoxy resin
养生壶,1,Health pot
家养绿植,4,Domestic green plants
腰带,1,belt
腰果,4,cashew
高裤腰带,8,High waistband
咬过的口香糖,8,Chewing gum
草药,4,Herbal medicine
废药,2,Waste medicine
青椰,8,Green Coconut
椰壳,8,Coconut shell
椰子,8,coconut
宣传页,1,Leaflet
广告单页,1,Advertising single page
作业本,1,exercise book
叶,4,leaf
菜叶,4,Vegetable leaf
隔夜饭,4,Overnight meal
乳液罐,1,Lotion tank
乳液瓶,1,Lotion bottle
医用冰袋,8,Medical ice bag
大衣,1,Overcoat
移动电源,1,mobile power
移动硬盘,1,Mobile hard drive
行车记录仪,1,Driving recorder
易拉宝,1,Roll up banner
易拉罐,1,Can
音箱,1,Speaker
旧音箱,1,Old speaker
水银,2,mercury
收银条,1,Cash register
隐形眼镜片,8,Contact lens
过期隐形眼镜,8,Expired contact lenses
印泥,8,Inkpad
打印机,1,printer
英语书,1,English book
樱花,4,Cherry blossoms
樱桃,4,Cherry
樱桃核,4,Cherry pit
婴儿尿不湿,8,Baby's diapers
婴儿纸尿裤,8,Baby diapers
萤石,8,fluorite
荧光棒,8,Light stick
荧光笔,8,Highlighter
眼影,8,Eye shadow
电影票,1,movie ticket
影印纸,1,Photocopy paper
硬盘,1,hard disk
硬板纸,1,Cardboard
硬贝壳,8,Hard shell
游泳裤,1,Swimming trunks
信用卡,1,credit card
包装用纸,1,Packaging paper
厕所用纸,8,Toilet paper
优盘,1,USB flash drive
无线路由器,1,Wireless Router
黄油,4,butter
有机玻璃,1,Plexiglass
婴幼儿尿布,8,Baby diapers
旧衣服属于,1,Old clothes belong
厨余果皮,4,Food waste peel
厨余垃圾,4,Kitchen waste
鱼,4,fish
黄鱼,4,Yellow croaker
雨鞋,1,Rain boots
语文书,1,literature book
羽毛,8,feather
羽毛球,8,badminton
玉,8,Jade
玉米,4,corn
玉镯,1,Jade bracelet
芋艿,4,Taro
芋头,4,Taro
浴巾,8,bath towel
金属元件,1,Metal components
原味鸡,4,Original Chicken
原珠笔,8,Original ball pen
原子笔,8,ball-point pen
芋圆,4,Taro ball
电源器,1,Power supply
电源线,1,power cable
月饼,4,moon cake
月饼盒,1,Moon cake box
运动服,1,Sportswear
运动鞋,1,sports shoes
旧运动鞋,1,Old sneakers
牛杂,4,Beef offal
杂草,4,Weeds
杂志,1,Magazine
盆栽树叶,4,Potted leaves
盆栽植物,4,Potted plants
再生纸,1,Recycled paper
脏布,8,Dirty cloth
鱼内脏,4,Fish offal
枣,4,date
红枣,4,Red dates
枣核,4,Jujube kernels
洗澡掉的头发,8,Hair lost in the shower
人造玻璃,1,Artificial glass
人造奶油,4,Margarine
香皂,8,Soap
碎小肥皂,8,Crushed small soap
干燥剂,8,Desiccant
包装干燥剂,8,Packaging desiccant
石灰干燥剂,8,Lime desiccant
扎带,8,Tie
粽子 包扎线,8,Zongzi bandaging thread
菜渣,4,Food residue
茶渣,4,Tea dregs
豆渣,4,Okara
大闸蟹,4,Hairy crabs
大闸蟹壳,4,Hairy crab shell
炸鸡,4,fried chicken
粘纸,8,Sticker
粘鼠板,8,Sticky mouse board
沾有墨水的纸,8,Ink-stained paper
沾了油污的报纸,1,Greasy newspaper
沾了菜油的餐巾纸,1,Napkins soaked in vegetable oil
蘸酱,4,Dipping sauce
蘸酱盒,8,Dipping sauce box
火锅蘸酱,4,Hot pot dipping sauce
图章,8,stamp
章鱼,4,octopus
纸张,1,Paper
废纸张,1,Waste paper
纸张类,1,Paper
擀面杖,1,Rolling pin
账单,1,bill
照片,2,Photo
旧照片,2,Old photos
照片纸,2,Photo paper
床罩,1,Bedspread
奶罩,8,bra
折扇,8,Folding fan
蔗糖,4,sucrose
珍珠,1,Pearl
黑珍猪,4,Black pig
珍珠米,4,Pearl rice
真空袋,8,Vacuum bag
砧板,1,Chopping board
木砧板,1,Wooden chopping board
针,8,Needle
针管,2,Needle
枕套,1,pillowcase
震动棒,1,Vibrator
蒸汽眼罩,8,Steam eye mask
修正带内芯,8,Correction belt core
证书,1,Certificate
芝麻,4,Sesame
树枝,8,Branches
蜘蛛,4,Spider
树脂,2,Resin
油脂,8,grease
饭汁,4,Rice juice
蟹汁,4,Crab sauce
织物,8,Fabric
直尺,8,ruler
废直式日光灯管,2,Waste straight fluorescent tube
绿植,4,Green plants
植物,4,plant
废植物,4,Waste plant
指甲,8,nail
脚指甲,8,toenail
手指甲脚趾甲,8,Fingernails toenails
纸,1,Paper
瓷制品,8,Porcelain products
铝制品,1,Aluminum products
木制品,1,wooden product
木质菜板,1,Wooden cutting board
三明治包装,8,Sandwich packaging
中药,4,traditional Chinese medicine
中草药,4,Chinese herbal medicine
钟,8,Bell
粥,4,Porridge
圆珠笔,8,Ballpoint pen
猪,4,pig
毛竹,8,bamboo
蜡烛,8,Candle
生日蜡烛,8,Birthday candles
白煮蛋壳,4,Hard boiled eggshell
水煮肉片,4,Poached Pork Slices
煮花生壳,4,Boiled peanut shells
主板,1,Motherboard
主机板,1,motherboard
电路主板,1,Circuit board
鸡爪,4,Chicken feet
猪爪骨头,4,Pork Claw Bones
西装,1,Suit
彩妆,8,Makeup
化妆棉,8,Cotton pad
防撞塑料,8,Anti-collision plastic
塑胶制资料夹,1,Plastic folder
紫菜,4,Seaweed
紫砂茶具,8,Zisha tea set
紫砂碎片,8,Purple Clay Fragment
牛仔裤,1,jeans
葡萄籽,4,Grape seed
西瓜籽,4,Watermelon seeds
被子,1,Quilt
自动铅,8,Automatic lead
自暖包,8,Self-heating bag
油渍的报纸,8,Greased newspaper
有污渍的餐盒,8,Stained lunch box
签字笔,8,signing pen
棕叶,8,Brown leaf
棕子皮,8,Palm skin
棕子叶,8,Palm cotyledons
走油肉,4,Go oily meat
足球,1,football
电钻,1,Electric drill
钻笔,8,Drill pen
钻石,1,Diamond
香烟过滤嘴,8,Cigarette filter
作文书,1,Composition
竹坐垫,8,Bamboo cushion
led灯,2,led lights
PET瓶,1,PET bottle
LED灯泡,2,LED bulb
kt板,1,kt board
cpu,1,cpu
ipad,1,ipad
kindle,1,kindle
PIZZA盒,8,PIZZA box
xbox,1,xbox
iphone x,1,iphone x
IPHONE手机,1,IPhone mobile phone
pp管,1,pp tube
A4纸,1,A4 paper
cd,1,cd
CD机,1,CD player
KINDLE壳,8,KINDLE壳
zippo打火机,8,zippo lighter
x光片,2,x-ray film
x光胶片,2,x-ray film
PVC瓶,1,PVC bottle
剩菜剩饭,4,Leftovers
食物残渣,4,food residue
肉类,4,meat
鱼虾,4,Fish and shrimp
蛋壳,4,eggshell
鱼骨头,4,fish bones
肉骨头,4,Fleshy bones
果皮,4,peel
树叶,4,Leaves
瓜子壳,4,Melon seed shell
花生壳,4,Peanut shells
藜麦,4,Quinoa
鸡骨头,4,Chicken bones
鸭骨头,4,Duck bones
鹅骨头,4,Goose bones
草莓叶,4,Strawberry leaf
米饭,4,rice
豌豆皮,4,Pea skin
韩国泡菜,4,Kimchi
普洱茶,4,Pu'er tea
残枝落叶,4,Stubble
植物枝干,4,Plant branches
杂菜,4,Mixed vegetables
动物尸体,4,Dead animal
牲畜粪便,4,Livestock manure
橘子皮,4,Tangerine skin
香蕉皮,4,Banana peel
苹果皮,4,Apple peel
西瓜皮,4,Watermelon rind
芒果皮,4,Mango peel
山竹壳,4,Mangosteen Shell
洋葱皮,4,Onion skin
中药渣,4,Chinese medicine residue
宠物饲料,4,Pet feed
矿物猫砂,4,Mineral cat litter
食用油,4,Cooking oil
动物粪便,4,Animal droppings
牛排,4,steak
喜糖,4,Wedding candy
咖啡残渣,4,Coffee residue
大白菜,4,Chinese cabbage
粽子馅,4,Zongzi stuffing
宠物粪便,4,Pet feces
猫屎,4,Cat shit
咖啡渣,4,Coffee grounds
鲜花瓣,4,Fresh petals
豆腐猫砂,4,Tofu cat litter
冬枣,4,Winter jujube
大蒜叶,4,Garlic leaves
杏核,4,Apricot Kernel
纸质吸管,4,Paper straw
茶叶渣,4,Tea dregs
小龙虾壳,4,Crayfish shell
榴莲酥,4,Durian Crisp
榴莲肉,4,Durian meat
枇杷核,4,Loquat core
百香果壳,4,Passion Fruit Shell
食品添加剂,4,Food additives
豆制品,4,Soy products
动物内脏,4,animal organs
脆枣,4,Crispy date
废弃食用油,4,Waste cooking oil
废弃调味品,4,Discarded condiments
糖果,4,candy
水蜜桃肉,4,Peach flesh
火龙果,4,Pitaya
火锅底料,4,Hot pot bottom material
螺蛳肉,4,Snail meat
排骨,4,Ribs
蒜皮,4,Garlic peel
叉烧酥,4,Barbecued Pork Crisp
菠萝皮,4,Pineapple peel
南瓜籽,4,Pumpkin seeds
香瓜子,4,Melon seeds
青椒,4,Green pepper
蒜头,4,Garlic
毛豆壳,4,Edamame shell
鸡肉,4,chicken
鸭掌,4,Duck feet
鱼肉,4,Fish
荔枝皮,4,Lychee
方便面面条,4,Instant noodles
螺蛳壳,4,Snail shell
牛油果核,4,Avocado Stone
老鼠,4,mouse
包裹着猫屎的豆腐猫砂,4,Tofu cat litter wrapped in cat feces
茭白,4,Zizania
茭白叶,4,Zizania
葡萄干,4,raisin
火龙果皮,4,Pitaya peel
椰肉,4,Coconut meat
苹果肉,4,Apple meat
香瓜皮,4,Cantaloupe peel
扁豆,4,Lentils
玉米须,4,Corn silk
兔子粪便,4,Rabbit droppings
螃蟹壳,4,Crab shell
吸管纸质包装,4,Straw paper packaging
西餐糕点,4,Western pastries
鸡脚爪,4,Chicken feet
鸭爪,4,Duck claw
山楂,4,Hawthorn
鸭翅,4,Duck wings
扇贝肉,4,Scallop meat
火锅渣,4,Hot pot residue
布丁,4,pudding
奶茶中的珍珠,4,Pearls in milk tea
燕麦,4,oat
薯格,4,Potato grid
甜品,4,Dessert
水果,4,fruit
枯树叶,4,Dead leaves
蔬菜残余,4,Vegetable remnants
西兰花梗,4,Broccoli stem
桃子,4,peach
压缩饼干,4,Compressed biscuits
花生衣,4,Peanut coat
结团猫砂,4,Clumping cat litter
红豆,4,red beans
熟鸡蛋壳,4,Cooked egg shell
蟑螂,4,cockroach
西瓜子,4,Watermelon seeds
鸡屎,4,Chicken shit
盒饭,4,Box lunch
奶油,4,cream
豆芽,4,Bean sprouts
杏仁饼,4,almond cookies
猫屎咖啡,4,Cat feces coffee
水果干,4,Dried fruit
鸭腿,4,Duck leg
车厘子核,4,Cherries
平菇,4,Pleurotus ostreatus
金针菇,4,Enoki mushroom
茨菇,4,Arrowhead
藕片,4,Lotus root slices
葡萄梗,4,Grape stem
咖啡豆,4,Coffee beans
丝瓜皮,4,Loofah
烂水果,4,Rotten fruit
鸡皮,4,Chicken skin
海瓜子壳,4,Sea melon seed shell
桂皮,4,Cinnamon
鸡蛋仔,4,Egg waffles
螺蛳,4,Snail
猪蹄骨,4,Trotters
过期大米,4,Expired rice
过期糖,4,Expired sugar
过期巧克力,4,Expired chocolate
巧克力酱,4,chocolate sauce
李子,4,Plum
鸟粪,4,guano
栗子壳,4,Chestnut shell
核桃肉,4,Walnut meat
李子核,4,Plum core
薯条,4,fries
柠檬皮,4,lemon peel
柚子皮,4,Grapefruit peel
蛋白,4,protein
干果仁,4,Dried nuts
橄榄核,4,Olive pit
姜糖,4,Ginger candy
瓜子皮,4,Melon seed peel
玉米棒,4,Corn on the cob
过期食品,4,expired food
虾头,4,Shrimp head
牛蛙骨,4,Bullfrog Bone
杨梅核,4,Bayberry core
过期调味料,4,Expired seasoning
孜然粉,4,Cumin powder
蜂蜜,4,Honey
红豆糕,4,Red bean cake
叉烧,4,Barbecued pork
菠萝包,4,Pineapple buns
干面条,4,Dried noodles
干脆面,4,Crispy noodles
出前一丁面条,4,Demae Ding Noodles
多宝鱼骨头,4,Turbot bones
草本植物,4,herb
小核桃肉,4,Small walnut meat
凋谢的鲜花,4,Withered flowers
咖啡豆渣,4,Coffee bean dregs
蚌肉,4,Clam meat
盐水花生,4,Salted peanuts
盐水花生壳,4,Salted peanut shells
豆浆渣,4,Soy milk residue
红枣核,4,Jujube nucleus
枣子核,4,Jujube kernels
面粉,4,flour
咖啡粉,4,coffee powder
桔子皮,4,Orange peel
橘子,4,tangerinr
牛油果皮,4,Avocado Peel
油桃肉,4,Nectarine Meat
水蜜桃,4,Peach
樱桃干,4,Dried cherries
龙虾片,4,Lobster Chips
土豆泥,4,Mashed potatoes
废弃植物,4,Abandoned plants
玉米猫砂,4,Corn cat litter
油烟机油脂,4,Range hood grease
油条,4,You Tiao
紫薯皮,4,Purple Sweet Potato Skin
燕麦片,4,oatmeal
小米,4,Millet
糯米,4,Sticky rice
白糖,4,Sugar
榨菜,4,Mustard
油桃核,4,Nectarine pit
酸豆角,4,Capers
牛肉,4,beef
鸭肉,4,duck
话梅肉,4,Plum meat
鱼皮花生,4,Fish skin peanuts
咸蛋黄,4,Salted egg yolk
冬瓜皮,4,Winter Melon Peel
咖啡伴侣粉,4,Coffee mate powder
苦瓜,4,Momordica charantia
小龙虾头,4,Crayfish head
石榴,4,Pomegranate
石榴籽,4,Pomegranate seeds
叫化鸡,4,Beggar
干辣椒,4,Dried chili
山药,4,Yam
土豆皮,4,Potato skins
炒花生米,4,Fried peanuts
蟹肉,4,Crabmeat
虾肉,4,Shrimp
速冻馄饨,4,Quick Frozen Wonton
棒棒糖,4,Lollipop
蛤肉,4,Clam meat
小龙虾肉,4,Crayfish Meat
蚕豆,4,broad bean
樱桃梗,4,Cherry terrier
水果皮,4,fruit peel
皮蛋,4,preserved egg
咸蛋,4,Salted egg
奇异果,4,Kiwi
花甲壳,8,Flower Carapace
海底捞锅底,4,Haidilao pot bottom
牛肉干,4,Dried beef
椰果,4,Coconut
鸭下巴,4,Duck chin
芝麻酱,4,Tahini
花生酱,4,peanut butter
小龙虾黄,4,Crayfish Yellow
肯德基炸鸡,4,KFC Fried Chicken
麦当劳炸鸡,4,McDonald's Fried Chicken
面饼,4,Noodles
鸡蛋饼,4,Omelet
煎饼,4,Pancakes
哈密瓜,4,cantaloupe
哈密瓜籽,4,Cantaloupe seeds
干树叶,4,Dry leaves
绿豆糕,4,green bean cake
乒乓糯米糍,4,Ping pong glutinous rice cake
杏仁核,4,Amygdala
黄杏核,4,Yellow apricot kernel
茶叶,4,tea
铁观音,4,Tieguanyin
乌龙茶,4,Oolong tea
白茶,4,White tea
桔普茶,4,Orange tea
水草,4,Aquatic plants
海藻,4,seaweed
水果软核,4,Fruit soft core
咖喱粉,4,Curry powder
瓜子,4,Melon seeds
大蒜皮,4,Garlic peel
扇贝壳,4,Scallop shell
咸蛋壳,4,Salted egg shell
鸭蛋壳,4,Duck eggshell
凤梨皮,4,Pineapple peel
面包屑,4,Bread crumbs
小龙虾,4,crayfish
香榧子壳,4,Torreya shell
鸡蛋皮,4,Egg crust
凤梨酥,4,Pineapple Cake
苹果派,4,Apple pie
玉米芯,4,Corn cob
黄瓜皮,4,Cucumber peel
橙子皮,4,Orange zest
生鸡蛋壳,4,Raw egg shell
花茶渣,4,Scented tea dregs
荷叶,4,Lotus leaf
柚子核,4,Grapefruit core
青蟹壳,4,Blue Crab Shell
山楂片,4,Hawthorn tablets
红辣椒,4,Red chilli
巧克力粉,4,chocolate powder
鸭架,4,Duck rack
白砂糖,4,White sugar
鸽粪,4,Pigeon droppings
桃子皮,4,Peach peel
桂圆干,4,Dried longan
中草药材,4,Chinese herbal medicine
梭子蟹壳,4,Portunus Crab Shell
河虾,4,River prawns
白米虾,4,White Rice Shrimp
象鼻蚌,4,Elephant Clam
水蜜桃核,4,Peach pit
糯米纸,4,Glutinous rice paper
鸡蛋卷,4,Egg rolls
鸡蛋壳,4,Egg shell
豆干,4,Dried tofu
豆腐干,4,Dried tofu
冬瓜籽,4,Winter melon seeds
向日葵花束,4,Sunflower bouquet
枯萎花束,4,Withered bouquet
笋干,4,Dried bamboo shoots
白煮蛋,4,Hard boiled egg
花蛤肉,4,Clam meat
蛋黄酥,4,Egg Yolk Crisp
油墩子,4,Youdunzi
葱油饼,4,Scallion pancakes
山东煎饼,4,Shandong Pancake
碎骨头,4,Broken bones
枸杞,4,Wolfberry
猪肝,4,Pork liver
碧根果肉,4,Pecan pulp
茭白皮,4,Zizania White Bark
西葫芦,4,squash
猪肉,4,pork
小排骨,4,Small ribs
沙拉酱,4,Salad dressing
拉菲草,4,Raffia
大白兔奶糖,4,White Rabbit Toffee
猕猴桃皮,4,Kiwi peel
桃仁,4,Peach kernel
杨梅干,4,Dried bayberry
带子壳,4,Belt shell
玉米塑料袋,4,Corn Plastic Bag
鸭头,4,Duck head
翅尖,4,Wing tip
番茄沙司,4,ketchup
巴旦木,4,Batam
叶子,4,leaf
鸭舌,4,Duck tongue
黄芪,4,Astragalus
三七粉,4,Notoginseng powder
章鱼小丸子,4,Octopus dumplings
鱿鱼,4,squid
鱿鱼丝,4,Squid shreds
生蚝肉,4,Oyster Meat
枇杷,4,Loquat
烤鸭,4,Roast Duck
北京烤鸭,4,Peking duck
洋山芋,4,Potato
铁棍山药,4,Iron Bar Yam
鸭锁骨,4,Duck clavicle
海星,4,starfish
黑椒牛排,4,Black pepper steak
杨桃,4,Carambola
胡萝卜皮,4,Carrot peel
生肉,4,Raw meat
皮蛋壳,4,Preserved eggshell
山楂干,4,Dried hawthorn
番茄皮,4,Tomato peel
番茄梗,4,Tomato Stem
鲜花饼,4,Flower cake
公丁香,4,Male cloves
薄荷叶,4,Mint leaf
花甲粉,4,Flower beetle powder
金丝皇菊,4,Golden silk chrysanthemum
火腿肠,4,Ham sausage
藏红花,4,Saffron
基围虾,4,Kewei Shrimp
基围虾壳,4,Kewei Shrimp Shell
烘山芋皮,4,Baked Potato Peel
茶叶蛋壳,4,Tea eggshell
咸鸡,4,Salted Chicken
烤鸡,4,roast chicken
盐水鸭,4,Salted Duck
银耳,4,Tremella
意大利面,4,spaghetti
烧饼,4,Biscuits
红薯皮,4,Sweet potato skin
雪花酥,4,Snowflakes
干桂圆壳,4,Dried longan shell
丝瓜,4,Loofah
玉米粒,4,corn kernels
胖大海,4,Fat sea
干面粉,4,Dry flour
薰衣草,4,Lavender
干花生壳,4,Dried peanut shells
猫冻干,4,Cat freeze-dried
麻辣香锅残渣,4,Spicy Fragrant Pot Residue
菠萝蜜肉,4,Jackfruit Meat
五香蛋,4,Spiced Egg
莴苣,4,lettuce
蒲公英,4,Dandelion
小笼包,4,Xiao Long Bao
灌汤包,4,Tang Bao
德克士炸鸡,4,Dicos Fried Chicken
鲫鱼,4,Crucian carp
鳜鱼,4,Mandarin Fish
粉丝,4,fan
木耳,4,fungus
花草茶渣,4,Herbal Tea Residue
肉夹馍,4,Roujiamo
粗盐,4,Coarse salt
豆杆,4,Bean stalk
青豆,4,Haricot vert
青豆萁,4,Osmunda japonica
饺子皮,4,dumpling skin
馄饨皮,4,Wonton wrapper
白瓜子,4,White melon seeds
煎饼果子,4,Chinese savior crepe
小葱,4,Shallots
木瓜,4,pawpaw
木瓜籽,4,Papaya seeds
可降解吸管,4,Degradable straw
小肉骨头,4,Small fleshy bones
螺蛳粉,4,Snail powder
芋艿皮,4,Taro skin
花椒粉,4,pepper powder
绿豆沙,4,Green bean paste
荞麦,4,Buckwheat
荞麦面,4,Soba noodles
阿胶,4,Donkey-hide
宽粉条,4,Wide vermicelli
毛豆皮,4,Edamame
麦片,4,oatmeal
纸吸管,4,Paper straws
调制海藻面膜,4,Modified seaweed mask
桂花糕,4,Osmanthus cake
猪皮,4,Pigskin
臭虫,4,bed bugs
芡实糕,4,Gorgon Cake
牛轧糖,4,Nougat
火鸡骨头,4,Turkey bones
鸡头,4,Chicken head
猪排,4,Pork chops
猪扒,4,Pork chop
蜗牛,4,snails
鱼饲料,4,fish food
银杏果,4,Ginkgo Fruit
麻花,4,Twist
鱼头,4,Fish head
早餐谷物,4,Breakfast cereals
猪小排,4,Pork Ribs
猪肉排骨,4,Pork ribs
玉米纤维袋,4,Corn fiber bag
话梅壳,4,Talking about plum shells
乌梅壳,4,Ebony shell
山竹核,4,Mangosteen core
鸡软骨,4,Chicken cartilage
杏子核,4,Apricot Kernel
虾皮,4,Dried shrimp
虾米,4,Dried shrimp
蟠桃核,4,Flat peach pit
手擀面,4,Hand-rolled noodles
甲鱼小骨,4,Turtle ossicles
猪肋排,4,Pork ribs
里脊肉,4,Tenderloin
木薯淀粉,4,Cassava starch
香蕉干,4,Dried banana
鸭皮,4,Duck skin
纸巾,8,tissue
牙签,8,toothpick
一次性筷子,8,Disposable chopsticks
陶瓷类废弃物,8,Ceramic waste
清扫渣土,8,Sweep the muck
陶瓷碗碟,8,Ceramic dishes
大块骨头,8,Big bones
植物硬壳,8,Plant hard shell
枯萎花草,8,Withered flowers and plants
塑料袋,8,Plastic bag
保鲜膜,8,plastic wrap
A4纸包装袋,8,A4 paper packaging bag
零食包装袋,8,Snack Packaging Bag
快递包装袋,8,Courier bag
热饮杯盖,8,Lid for hot drinks
咖啡杯杯盖,8,Coffee cup lid
干电池（无汞）,8,Dry battery (no mercury)
纸尿裤,8,Diapers
卫生纸,8,toilet paper
卫生巾外层薄塑纸,8,Sanitary napkin outer thin plastic paper
湿纸巾,8,Wet wipes
旧浴缸,8,Old bathtub
盆子,8,Basin
坏马桶,8,Bad toilet
旧水槽,8,Old aquarium
坛子,8,earthen jar
菜板,8,Chopping board
砖块,8,Bricks
杯子,8,Cup
瓦片,8,Tiles
西梅核,8,Prune nucleus
坏的花盆,8,Bad flowerpot
木质梳子,8,Wooden comb
脏污衣服,8,Dirty clothes
湿垃圾袋,8,Wet garbage bag
水彩笔,8,Watercolor pen
过期化妆品,8,Expired cosmetics
旧镜子,8,Old mirror
猫罐头,8,Canned cat
牙膏壳,8,Toothpaste shell
椰子壳,8,coconut shell
塑料垃圾袋,8,Plastic garbage bag
污染纸张,8,Contaminate paper
废弃食品袋,8,Food waste bag
一次性餐盒,8,Disposable lunch box
旧毛巾,8,Old towel
牙膏皮,8,Toothpaste skin
废弃的纸张,8,Discarded paper
装修废弃物,8,Decoration waste
盛放厨余果皮的垃圾袋,8,Garbage bag for food waste
灰土,8,Lime soil
污染较严重的纸,8,More polluted paper
核桃壳,8,Walnut shells
头发,8,hair
胶带,8,adhesive tape
一次性咖啡纸杯,8,Disposable coffee cup
奶茶纸杯,8,Milk Tea Paper Cup
护理垫,8,Nursing pad
包裹着狗屎的纸巾,8,Paper towel wrapped in shit
包裹着狗屎的报纸,8,Newspaper wrapped in shit
雪糕袋,8,Ice cream bag
棉花棒,8,Cotton swab
橡皮泥,8,Plasticine
粽叶,8,Zongye
猫毛,8,Cat hair
小票,8,receipt
蚊香片,8,Mosquito coil
暖宝宝,8,Warm baby
干冰,8,dry ice
铅笔屑,8,Pencil shavings
被污染的垃圾袋,8,Contaminated garbage bags
田螺壳,4,Escargot Shell
蛏子壳,8,Razor shell
文蛤壳,8,Clam shell
水彩颜料,8,Watercolor paints
一次性口罩,8,Disposable mask
口香糖,8,chewing gum
一次性塑料袋,8,Disposable plastic bag
污渍纸巾,8,Stained tissue
木瓶塞,8,Wooden cork
指甲片,8,Nail piece
大米袋,8,Large rice bag
烟盒,1,cigarette case
烧烤木签,8,BBQ wooden sign
棉花球,8,Cotton ball
泡沫盒子,8,Bubble box
大龙虾壳,8,Large lobster shell
中药袋,8,Chinese medicine bag
胶带纸,8,tape
薯片罐,8,Potato Chip Jar
牙线,8,Dental floss
塑料吸管,8,Plastic straw
一次性保鲜膜,8,Disposable plastic wrap
湿巾纸,8,Wet tissue paper
瓷器碎片,8,Porcelain fragments
砖瓦陶瓷,8,Brick and ceramics
雪糕包装袋,8,Ice cream packaging bag
泡面桶,8,Instant noodle bucket
酒精棉花,8,Alcohol cotton
玉米皮,8,Corn husk
奶茶塑料杯,8,Milk tea plastic cup
头屑,8,Dandruff
帝王蟹壳,8,King crab shell
一次性用品,8,Disposable items
渣土,8,Muck
陶瓷制品,8,Ceramic products
烘培纸,8,Baking paper
除湿袋,8,Dehumidification bag
滤纸,8,filter paper
生蚝壳,8,Oyster shell
猪大骨,8,Pig bone
一次性塑料餐盒,8,Disposable plastic lunch box
调料袋,8,Seasoning bag
发热包,8,Fever pack
洗衣液包装袋,8,Laundry detergent packaging bag
咖啡滤纸,8,Coffee filter
包裹着狗屎的塑料袋,8,Plastic bag wrapped in shit
塑料盖子,8,plastic cap
头饰,8,Headwear
胶囊咖啡,8,Capsule coffee
椰青壳,8,Coconut shell
吸油纸,8,Blotting paper
厨房用纸,8,Kitchen paper
琴弦,8,Strings
呕吐物纸巾,8,Vomit tissue
纸质包装袋,8,Paper packaging bag
方便面桶,8,Instant noodle bucket
面膜包装袋,8,Mask packaging bag
塑料拖鞋,1,plastic slipper
橡皮筋,8,Rubber band
水笔笔芯,8,Fountain pen refill
湿灰尘,8,Wet dust
蛤蜊壳,8,Clam shell
纽扣（少量）,8,Buttons (a small amount)
一次性塑料手套,8,Disposable plastic gloves
中性笔,8,Gel pen
KFC食物包装,8,KFC food packaging
蚊香灰,8,Mosquito incense ash
乳胶,8,emulsion
玻璃胶,8,Glass glue
带有婴儿粪便的尿不湿,8,Diapers with baby stool
暖宝宝贴,8,Warm baby stickers
牛奶袋,8,Milk bag
血糖试纸,8,Blood glucose test strips
餐饮外卖盒,8,Food takeaway box
油画颜料,8,Oil paints
油画颜料软管,8,Oil paint hose
吸管塑料包装,8,Straw plastic packaging
橡胶制品,8,rubber products
橡胶手套,8,Rubber gloves
过期口红,8,Expired lipstick
黄油包装纸,8,Butter wrapper
脏纸尿裤,8,Dirty diapers
蛋糕盒,8,Cake box
干净无油食品包装袋,8,Clean and oil-free food packaging bags
面包袋,8,Bread bag
蛋糕袋,8,Cake bag
快递单,8,Courier
营养土,8,Nutrient soil
一次性塑料盘,8,Disposable plastic tray
冰宝贴,8,Ice sticker
一次性塑料调羹,8,Disposable plastic spoon
手指甲,8,Fingernails
小纸屑,8,Little confetti
眼镜架,8,Glasses frame
陶土花瓶,8,Terracotta vase
牛肋骨,8,Beef ribs
被油污污染过的报纸,8,Newspapers polluted by oil
脏纸巾,8,Dirty tissue
衣服标签,8,Clothing label
小核桃壳,8,Small walnut shell
电蚊香片,8,Electric mosquito coil
瓷碎片,8,Porcelain fragments
卫生棉条,8,Tampon
一次性塑料浴帽,8,Disposable plastic shower cap
一次性纸餐盘,8,Disposable paper dinner plate
纸巾包装袋,8,Paper towel packaging bag
抽纸塑料袋,8,Draw paper plastic bag
毛笔写过的纸,8,Paper written with a brush
塑料表带,8,Plastic strap
粉饼盒,8,Compact powder box
502胶水,8,502 glue
硅胶猫砂,8,Silicone cat litter
水晶猫砂,8,Crystal cat litter
冰淇淋包装袋,8,Ice cream packaging bag
护手霜,8,Hand cream
粉尘,8,dust
一次性餐具,8,Disposable tableware
卸妆纸巾,8,Makeup remover
洗衣粉,8,washing powder
气泡膜,8,Bubble film
智齿,8,Wisdom teeth
钢丝球,8,Steel ball
一次性纸杯,8,Disposable paper cup
大头针,8,Pin
永生花,8,Eternal flower
带有婴儿粪便的纸尿裤,8,Diapers with baby feces
塑封袋,8,Plastic bag
圆珠笔芯,8,Ballpoint Pen Refill
面膜外层纸,8,Mask outer layer paper
袋泡茶,8,Teabag
塑料花,8,plastic flower
冰箱贴,8,Fridge magnet
假睫毛胶水,8,False eyelash glue
洗碗布,8,dishcloth
电话卡,8,phone card
手机壳,8,phone case
面巾纸,8,Facial tissue
泥土,8,soil
网球,8,tennis
烟灰,8,Soot
毛衣针,8,Sweater stitch
护发精油,8,Hair oil
紫砂壶,8,Purple Clay Teapot
防晒喷雾,8,Sunscreen spray
棉花,8,cotton
寄居蟹,8,Hermit crab
水饺包装袋,8,Dumpling Packaging Bag
巧克力包装袋,8,Chocolate packaging bag
饼干包装袋,8,Biscuit Packaging Bag
奶嘴,8,nipple
糖纸,8,Sugar paper
胡须,8,beard
包裹着痰的纸巾,8,Paper towel wrapped in phlegm
包裹着鼻涕的纸巾,8,A tissue wrapped in a mucus
KFC纸盒,8,KFC carton
麦当劳纸盒,8,McDonald's carton
牛骨,8,Beef bone
啤酒瓶盖,1,Beer bottle cap
糖果皮,8,Candy skin
包裹着西瓜籽的纸巾,8,Paper towel wrapped with watermelon seeds
包裹着鼻屎的纸巾,8,Tissue wrapped in booger
冷饮包装,8,Cold drink packaging
外卖塑料袋,8,Takeaway Plastic Bag
外卖塑料盒,8,Takeaway Plastic Box
外卖纸盒,8,Takeaway carton
5号电池（无汞）,8,AA battery (no mercury)
7号电池（无汞）,8,AAA battery (no mercury)
湿头发,8,Wet hair
毛发,8,Hair
一次性手套,8,Disposable gloves
卸妆膏,8,Makeup remover
手机膜,8,Phone film
防霉防蛀片,8,Anti-mold and moth-proof tablets
卫生护垫,8,Sanitary pad
摩丝罐,8,Mousse jar
厨房手套,8,Kitchen gloves
沐浴球,8,Bath ball
耳塞,8,Earplugs
牙线棒,8,Dental floss stick
修正液,8,Correction fluid
废纸,8,Waste paper
卫生间用纸,8,Toilet paper
陶瓷花瓶,8,Ceramic vase
陶瓷花盆,8,Ceramic flowerpot
防碎气泡膜,8,Shatterproof bubble film
污损塑料袋,8,Stained plastic bag
水晶泥,8,Crystal mud
胶纸,8,Tape
剃须泡沫罐,8,Shaving foam tank
风油精,8,Fengyoujing
奶茶塑料盖,8,Milk tea plastic cover
打火机,8,lighter
擦碗布,8,Dishcloth
碱性电池,8,Alkaline battery
烧烤锡纸,8,BBQ tin foil
外卖饭盒,8,Takeaway lunch box
装过湿垃圾的塑料袋,8,Plastic bags containing wet garbage
纸质外卖盒,8,Paper takeaway box
塑料外卖盒,8,Plastic takeaway box
马桶刷,8,Toilet brush
狗尿垫,8,Dog pad
太空沙,8,Space sand
带胶制品,8,Rubber products
竹制品,8,bamboo product
成分复杂的制品,8,Complex products
皮皮虾壳,8,Pippi Shrimp Shell
使用过的安全套,8,Used condoms
青口贝,8,Mussels
碎纸屑,8,Confetti
洗头膏,8,shampoo
番茄酱包装袋,8,Tomato sauce packaging bag
面纸,8,Facial tissue
身体乳,8,Body milk
青草膏,8,Green grass cream
洁面摩丝,8,Cleansing mousse
一次性塑料勺子,8,Disposable plastic spoon
眼线笔,8,Eyeliner
眉粉,8,Eyebrow powder
沾有油渍的食品包装袋,8,Food packaging bags stained with oil
薯片包装袋,8,Potato Chips Packaging Bag
自动铅笔笔芯,8,Mechanical pencil refill
香薰球,8,Aromatherapy ball
隐形眼镜护理液,8,Contact lens care solution
脏卫生巾,8,Dirty sanitary napkins
湿塑料袋,8,Wet plastic bag
牛骨棒,8,Beef bone stick
草纸,8,toilet paper
雨衣,8,raincoat
湿纸巾包装,8,Wet wipes packaging
纸饭盒,8,Paper lunch box
成人用品,8,Adult Products
河蚌壳,8,Mussel shell
香肠壳,8,Sausage shell
发夹,8,Hairpin
发带,8,Headband
驱蚊香片,8,Mosquito repellent incense
薯片盒,8,Potato Chip Box
吸尘器灰尘,8,Vacuum cleaner dust
粉扑,8,Powder puff
咖啡胶囊,8,Coffee capsule
鸡毛,8,Chicken feather
安全套包装袋,8,Condom packaging bag
尿片,8,Diapers
冰棒棍,8,Popsicle stick
广告颜料,8,Advertising paint
陶泥,8,Clay
猪骨头,8,Pig bones
使用过的面膜,8,Used mask
使用过的卫生巾,8,Used sanitary napkins
喝过的奶茶杯子,8,Drunk milk tea cup
高密度碎纸机处理的碎纸,8,Shredded paper processed by high-density shredder
泡面袋,8,Instant noodle bag
太阳眼镜,8,Sunglasses
美妆蛋,8,Beauty Egg
胭脂,8,rouge
油条包装袋,8,You Tiao Packaging Bag
奶茶杯,8,Milk tea cup
购物卡,1,shopping card
订书机钉,8,Stapler nail
彩泥,8,Color mud
冰贴,8,Ice stickers
棒冰棍,8,Popsicle
香烟头,8,Cigarette butts
泡沫饭盒,8,Foam lunch box
PH试纸,8,PH test paper
葡萄酒木塞,8,Wine cork
包裹着口香糖的纸巾,8,Paper towel wrapped with chewing gum
火腿肠包装纸,8,Ham Sausage Wrapping Paper
艾灸条,8,Moxibustion strips
保冷剂,8,Coolant
草木灰,8,plant ash
驱蚊手环,8,Mosquito repellent bracelet
挂耳咖啡,8,Hanging ear coffee
滤挂咖啡,8,Filter coffee
柳絮,8,Catkins
洗涤液包装袋,8,Washing liquid packaging bag
石锅,8,Stone pot
灭蚊灯,8,Mosquito Killer
红酒塞,8,Wine stopper
枕巾,8,Pillow towel
1号电池（无汞）,8,No. 1 battery (no mercury)
电子烟烟弹,8,Electronic cigarette cartridge
陶瓷盘子,8,Ceramic plate
榨菜袋,8,Mustard bag
卷筒纸,8,web
方便面调味包,8,Instant noodle seasoning package
脱毛膏,8,Hair removal cream
三角裤,8,Briefs
平角裤,8,Pants
海绵粉扑,8,Sponge puff
一次性竹筷子,8,Disposable bamboo chopsticks
碎碗,8,Broken bowl
白板笔,8,Whiteboard pen
海螺壳,8,Conch shell
花蛤壳,8,Flower clam shell
棉线,8,Cotton thread
糖包,8,sugar bag
鼠标垫,8,mouse pad
便条贴,8,Memo
水果塑料盒,8,Fruit plastic box
糖浆包,8,Syrup packet
泳镜,8,Swimming goggles
粘土,8,clay
干草,8,hay
酸奶勺,8,Yogurt spoon
中药包,8,Chinese medicine package
猪腿骨,8,Pork leg bone
茶叶包,8,Tea bag
豆浆杯,8,Soy milk cup
测血糖针,8,Blood glucose test needle
唇釉,8,Lip glaze
一次性打火机,8,Disposable lighter
棒棒糖棒子,8,Lollipop
旧内衣,8,Old underwear
牛骨头,8,Cow bones
冰棒皮,8,Popsicle skin
冰棒外包装,8,Popsicle outer packaging
滴漏式咖啡,8,Drip coffee
星巴克咖啡杯,8,Starbucks coffee cup
星巴克塑料杯,8,Starbucks Plastic Cup
下水道杂物,8,Sewer debris
电蚊香液瓶,8,Electric mosquito coil
膨润土猫砂,8,Bentonite cat litter
油污纸,8,Oily paper
稻草,8,straw
擦过鼻涕的纸巾,8,Wiped nasal tissue
粘毛滚纸,8,Sticky roll paper
酱油袋,8,Soy sauce bag
湿海绵,8,Wet sponge
羊大骨,8,Sheep bone
塑料笔杆,8,Plastic pen holder
过期护肤品,8,Expired skin care products
发箍,8,Hair band
壁纸,8,wallpaper
墙纸,8,wallpaper
薯片袋,8,Potato Chips Bag
脏抹布,8,Dirty cloth
润肤乳,8,Moisturizer
脏玻璃瓶,8,Dirty glass bottle
外卖盒子,8,Takeaway box
外卖餐具,8,Takeaway tableware
调料包,8,seasoning bag
辣条包装袋,8,Spicy Strip Packaging Bag
储奶袋,8,Milk storage bag
玉米衣,8,Corn coat
电动牙刷刷头,8,Electric toothbrush head
过期防晒霜,8,Expired sunscreen
塑料打包盒,8,Plastic packing box
透明打包盒,8,Transparent packing box
食品密封袋,8,Food sealed bag
食品保鲜袋,8,Food preservation bag
榛子壳,8,Hazelnut shell
气垫膜,8,Air cushion film
碧然德过滤芯,8,Bioland filter element
粘尘纸,8,Sticky paper
过滤袋,8,filter bag
炼乳壳,8,Condensed Milk Shell
装蔬菜的塑料袋,8,Plastic bag for vegetables
脚趾甲,8,Toenails
油画刷,8,Oil painting brush
墨胆,8,Ink gall
脏卸妆棉,8,Dirty cleansing cotton
痘痘贴,8,Acne Patch
甲鱼壳,8,Turtle shell
自热火锅加热包,8,Self-heating hot pot heating bag
酸奶杯盖,8,Yogurt Cup Lid
净化器滤芯,8,Purifier filter
纸巾袋,8,Tissue bag
艾灸贴,8,Moxibustion Patch
便纸,8,Paper
双眼皮贴,8,Double eyelid stickers
包裹着猫屎的塑料袋,8,Plastic bag wrapped in cat feces
蜡烛包装,8,Candle packaging
卫生巾外包装,8,Sanitary napkin outer packaging
豆腐盒,8,Tofu box
卫生巾包装袋,8,Sanitary napkin packaging bag
海绵蛋,8,Sponge egg
方便面盒,8,Instant noodle box
纸皮核桃,8,Paper walnut
卷筒纸外包装,8,Web outer packaging
牙签塑料盒,8,Toothpick Plastic Box
醋包,8,Vinegar bag
醋袋,8,Vinegar bag
食品塑料盒,8,Food plastic box
仓鼠垫沙,8,Hamster sand
干发巾,8,Dry hair towel
喜茶杯,8,Hi teacup
面粉袋,8,Flour bag
吸管薄膜,8,Straw film
蟑螂贴,8,Cockroach stickers
眼贴膜,8,Eye Patch
眼膜,8,Eye mask
鼻贴,8,Nose stick
去黑头鼻贴,8,Blackhead Nose Patch
一次性尿布,8,Disposable diapers
香烟灰,8,Cigarette ash
湿厕纸,8,Wet toilet paper
烧烤竹签,8,BBQ bamboo skewers
锡箔餐盒,8,Tinfoil lunch box
湿厕纸包装袋,8,Wet toilet paper packaging bag
酸奶吸管,8,Yogurt straw
铅笔芯,8,Pencil lead
地板蜡,8,Floor wax
粽子包裹绳,8,Zongzi wrapped rope
塑料咖啡杯,8,Plastic coffee cup
硅藻泥,8,Diatom mud
眼镜盒,8,glasses case
逗猫棒,8,Funny cat stick
宠物饲料包装袋,8,Pet food packaging bag
滤尘袋,8,Filter bag
纸胶带,8,Paper tape
膨化食品包装袋,8,Puffed Food Packaging Bag
眼部精华胶囊,8,Eye essence capsules
食品干燥剂,8,Food desiccant
纸咖啡杯,8,Paper coffee cup
空气清新剂罐,8,Air freshener canister
空调滤芯,8,Air conditioning filter
珍珠奶茶杯,8,Pearl milk tea cup
早餐奶包装袋,8,Breakfast milk packaging bag
粉底液,8,Liquid foundation
墙灰,8,Wall gray
湿抹布,8,Wet wipes
一次性内裤,8,Disposable underwear
生物冰袋,8,Biological ice pack
桃子核,8,Peach pit
陶瓷杯,8,porcelain cup
脏牛奶盒,8,Dirty milk carton
一次性塑料杯,8,Disposable plastic cup
乐事薯片盒,8,Lay's Potato Chip Box
蛋黄酥包装盒,8,Egg yolk crisp packing box
瓷勺,8,Porcelain spoon
养乐多盖,8,Yakult cover
胶布,8,Tape
一次性洗脸巾,8,Disposable face towel
沸石猫砂,8,Zeolite cat litter
早餐塑料袋,8,Breakfast plastic bag
豆浆杯盖,8,Soy milk cup lid
口红盒,8,Lipstick box
包裹着猫屎的膨润土猫砂,8,Bentonite cat litter wrapped in cat feces
游泳眼镜,8,swimming glasses
老花眼镜,8,reading glasses
蜡烛塑料模,8,Candle plastic mould
塑料挂钩,8,Plastic hook
奶粉勺子,8,Milk powder spoon
减震泡泡膜,8,Shock absorption bubble film
擦手纸,8,Paper towels
奶粉盖,8,Milk powder cover
水粉颜料,8,Gouache paint
机票,8,Air tickets
演唱会票,8,Concert ticket
车票,8,ticket
大头钉,8,thumbtack
热敏纸,8,Thermal Paper
不干胶纸,8,Self-adhesive paper
饮料瓶标签,8,Beverage bottle label
方便面包装袋,8,Instant noodle packaging bag
标签纸,8,label
沙拉袋,8,Salad bag
快递贴纸,8,Express stickers
气泡垫,8,Bubble wrap
废瓷砖,8,Waste tiles
水果罐,8,Fruit jar
保湿喷雾,8,Moisturizing spray
火车票,8,Train ticket
退烧贴,8,Fever-reducing stickers
卸妆油瓶,8,Cleansing oil bottle
水果包装袋,8,Fruit packaging bag
泡面调料包,8,Instant noodles seasoning package
冻干粉面膜,8,Freeze-dried powder mask
软膜撕拉面膜,8,Soft film peeling mask
卷笔刀,8,Pencil sharpener
化妆品瓶盖,8,Cosmetic bottle cap
N次贴,8,N posts
纳米海绵,8,Nano sponge
一次性剃须刀片,8,Disposable razor blade
塑料油壶,8,Plastic oil can
眼线液,8,Liquid eyeliner
避孕套包装,8,Condom packaging
兔毛,8,Rabbit fur
大龙虾头,8,Big lobster head
一次性塑料鞋套,8,Disposable plastic shoe covers
粽子皮,8,Zongzi skin
牛皮筋,8,Cowhide band
修眉刀,8,Eyebrow trimming knife
头绳,8,Head rope
艾灸渣,8,Moxibustion residue
牙套,8,Braces
塑料刷子,8,Plastic brush
防蚊手环,8,Anti-mosquito bracelet
搓澡巾,8,Bath towel
烟丝,8,cut tobacco
方便面叉子,8,Instant noodle fork
汉堡纸,8,Hamburger paper
眼镜布,8,Glasses cloth
果冻包装盒,8,Jelly box
干冰袋,8,Dry ice bag
头皮屑,8,Dandruff
长寿果壳,8,Longevity Nutshell
超市塑料袋,8,Supermarket plastic bags
防震膜,8,Shockproof film
羊肉骨头,8,Lamb bones
酱油包装袋,8,Soy sauce packaging bag
一次性餐具包装,8,Disposable tableware packaging
爽身粉,8,Talcum powder
84消毒液瓶,8,84 disinfectant bottle
炸鸡包装袋,8,Fried chicken packaging bag
气泡纸,8,Bubble paper
液体蚊香,8,Liquid mosquito coil
织带,8,Webbing
液体蚊香瓶,8,Liquid mosquito coil bottle
卸妆乳瓶,8,Makeup remover baby bottle
包裹着鸡蛋壳的餐巾纸,8,Napkin wrapped in eggshell
气泡袋,8,Bubble bag
条码纸,8,Barcode paper
干草包装袋,8,Hay packaging bag
猫粮包装袋,8,Cat Food Packaging Bag
香肠竹签,8,Sausage skewers
破碎盘子,8,Broken plate
荷兰猪毛,8,Guinea pig hair
碳性电池,8,Carbon battery
串串竹签,8,Skewers
旧口罩,8,Old mask
扇子,8,Folding fan
乳垫,8,Breast pad
吸味剂,8,Odor
烟盒内锡纸,8,Tin foil in cigarette case
旧牙刷,8,Old toothbrush
马克杯,8,Mug
绿豆包装,8,Mung bean packaging
菠萝蜜核,8,Jackfruit core
日抛,8,Sunshine
牙贴,8,Teeth stickers
一次性电子烟,8,Disposable electronic cigarette
果冻壳,8,Jelly shell
湿面巾纸,8,Wet facial tissue
购物小票,8,Shopping Receipt
冰淇淋纸,8,Ice cream paper
红茶包,8,Black tea bag
自热包,8,Self-heating pack
丙烯颜料,8,Acrylic paint
陶瓷烟灰缸,8,Ceramic ashtray
丝瓜筋,8,Loofah tendons
带油抹布,8,Oiled rag
塑料牙签,8,Plastic toothpicks
鸽毛,8,Pigeon feather
毛笔,8,Brush
脱酸素剂,8,Deacidification agent
消毒棉,8,Disinfection cotton
油性笔,8,Oily pen
发卡,8,Card issuance
防潮袋,8,Moisture-proof bag
刘海夹,8,Bangs clip
饼干袋,8,Cookie bag
浴沙,8,Bath sand
冷饮包装纸,8,Cold drink wrapping paper
一次性拖鞋,8,Disposable slippers
足浴袋,8,Foot bath bag
吸湿剂,8,Hygroscopic agent
洗衣粉袋,8,Washing powder bag
化妆品密封塑料膜,8,Cosmetic sealing plastic film
湿报纸,8,Wet newspaper
婴幼儿纸尿裤,8,Baby diapers
眼镜框,8,glasses frames
油污湿巾纸,8,Oily wet tissue paper
脱氧保鲜剂,8,Deoxygenating preservative
关东煮纸杯,8,Oden Paper Cup
碘酒棉球,8,Iodine cotton ball
酒精棉球,8,Alcohol cotton ball
珍宝蟹,8,Dungeness Crab
泡脚袋,8,Foot Soaking Bag
一次性便当盒,8,Disposable bento box
羊肉串棒,8,Lamb skewers
碳包,8,Carbon package
手机链,8,Phone chain
卤料包,8,Halogen bag
五子棋,8,Gobang
化妆镜,8,Makeup mirror
香囊,8,Sachet
塑料带,8,Plastic band
测血糖试纸,8,Blood glucose test strips
足贴,8,Foot Patch
牛肉骨头,8,Beef bones
必胜客纸盒,8,Pizza Hut Carton
奶茶盖,8,Milk tea cover
隐形眼镜盒,8,Contact lens case
酒精棉片,8,Alcohol pads
光碟包,8,CD package
烤串棒,8,Skewers
棒冰包装袋,8,Popsicle packaging bag
湿卫生纸,8,Wet toilet paper
席子,8,Mat
竹炭包,8,charcoal bag
园艺土,8,Gardening soil
牛排包装,8,Steak packaging
蔬菜包装袋,8,Vegetable packaging bag
烫发剂壳,8,Perm agent shell
瑞幸咖啡杯,8,Luckin Coffee Cup
厨房纸巾,8,Kitchen paper towels
塑料糖纸,8,Plastic candy paper
纸巾外包装,8,Paper towel outer packaging
卫生卷纸,8,Toilet roll
全棉时代纸巾,8,Cotton era paper towel
雪糕棍,8,Ice cream stick
卫生棒,8,Hygiene stick
防蚊贴,8,Anti-mosquito stickers
湿纸巾包装袋,8,Wet tissue packaging bag
腋毛,8,Armpit hair
胡渣,8,Scum
面条包装袋,8,Noodle Packaging Bag
魔芋粉包装袋,8,Konjac flour packaging bag
清凉贴,8,Cool stickers
固体清香剂,8,Solid freshener
腮红,8,Blush
轻质彩泥,8,Lightweight color mud
巧克力锡纸,8,Chocolate tin foil
橡皮擦,8,Rubber
黑板擦,8,eraser
白板擦,8,Whiteboard eraser
碗碎片,8,Bowl fragments
湿烟头,8,Wet cigarette butts
清洁抹布,8,Cleaning cloth
便签纸,8,Note paper
泡泡糖,8,bubble gum
吸油面纸,8,Oil-absorbing tissue
肉类包装盒,8,Meat packaging box
扣子,8,button
内衣包装袋,8,Underwear packaging bag
太阳镜,8,Sunglasses
灭蚊片,8,Mosquito killer
CD,8,CD
DVD,8,DVD
混合猫砂,8,Mixed cat litter
水笔芯,8,Pen core
键盘清洁胶,8,Keyboard cleaning glue
塑料夹子,8,plastic clip
砚台,8,Inkstone
证件塑料壳,8,ID plastic case
登机牌,8,boarding pass
竹牙签,8,Bamboo toothpicks
牛尾骨,8,Oxtail bone
湿纸箱,8,Wet carton
风油精瓶,8,Wind oil bottle
驱蚊贴,8,Mosquito Repellent Patch
硅胶手环,8,Silicone bracelet
气垫BB霜,8,Air cushion BB cream
橡皮屑,8,Rubber crumbs
中药面膜,8,Traditional Chinese Medicine Mask
牙刷头,8,Toothbrush head
牛肉干包装,8,Beef jerky packaging
胸贴,8,Chest stickers
牛仔骨,8,Cowboy bones
盐包装袋,8,Salt packaging bag
浴花,8,Yuka
扫描仪,1,scanner
投影仪,1,projector
包装纸,1,Wrapping paper
硬纸板,1,cardboard
纸板箱,1,cardboard box
包装盒,1,Packing box
点心盒,1,Snack box
纸巾盒,1,tissue box
牛奶盒,1,Milk carton
饮料利乐包装,1,Tetra Pak Beverage
PET塑料瓶,1,PET plastic bottle
饮料瓶,1,Drink bottle
硬质塑料瓶,1,Rigid plastic bottle
塑料盒,1,plastic box
冰淇淋盒,1,Ice cream box
塑料杯,1,plastic cup
酸奶杯,1,Yogurt Cup
果冻杯,1,Jelly cup
软桶,1,Soft bucket
塑料泡沫,1,Plastic foam
气泡缓冲材料,1,Bubble cushioning material
水果网套,1,Fruit net set
废弃塑料文具,1,Waste plastic stationery
玻璃瓶,1,Glass bottle
碎玻璃片,1,Broken glass
其他玻璃制品,1,Other glass products
金属盒,1,Metal box
其他金属制品,1,Other metal products
金属文件柜,1,Metal filing cabinet
沙发,16,sofa
茶几,16,coffee table
办公桌,1,desk
文件柜,1,File cabinets
椅子,16,Chair
皮带,1,belt
香水瓶,1,perfume bottle
食品罐头,1,Canned food
旧书包,1,Old school bag
旧鞋子,1,Old shoes
旧塑料篮子,1,Old plastic basket
旧玩偶,1,Old doll
旧铁锅,1,Old wok
不锈钢垃圾桶,1,Stainless steel trash can
旧帽子,1,Old hat
旧夹子,1,Old clip
废锁头,1,Waste lock
雨伞骨架,1,Umbrella skeleton
旧纸袋,1,Old paper bag
纸盒,1,Carton
旧玩具,1,Old toy
办公用纸,1,Office paper
广告用纸,1,Advertising paper
暖水瓶,1,Thermos
废弃衣服,1,Discarded clothes
桌布,1,tablecloth
塑料包装,1,Plastic Packaging
铁皮罐头,1,Tin can
报废车辆,1,Scrapped vehicle
家电家具,1,Home appliance furniture
玻璃烟灰缸,1,Glass ashtray
泡沫箱,1,polystyrene box
墨水瓶,1,Ink bottle
塑料垃圾桶,1,Plastic trash can
塑料饮料杯,1,Plastic drink cup
吸铁石,1,Magnetite
塑料假花,1,Plastic fake flowers
指南针,1,compass
自行车轮胎,1,Bicycle tire
袜子,8,sock
竹签,1,Bamboo stick
旧衣服,1,old clothes
轮胎,1,tire
酸奶盒,1,Yogurt box
钉子,1,nail
地板砖,1,Floor tile
塑料壳,1,Plastic shell
护肤品玻璃罐,1,Skin care products glass jar
奶粉罐,1,Milk powder can
塑料瓶瓶盖,1,Plastic bottle caps
锡纸,8,Tin foil
废旧电子产品,1,Used electronic products
鞋垫,1,insole
过滤网,1,Filter
皮鞋,1,leather shoes
广告纸片,1,Advertising paper
打印纸,1,printer paper
菜刀,1,kitchen knife
塑料盆,1,Plastic basin
塑料桶,1,plastic bucket
塑料日用品,1,Plastic daily necessities
塑料餐具,1,Plastic cutlery
塑料纸,1,plastic paper
充电装置,1,Charging device
砖头,1,brick
水泥砖,1,cement brick
矿泉水桶,1,Mineral water bucket
可乐瓶,1,Coke bottle
废旧木柴,1,Waste wood
保温袋,1,Insulation bags
碎纸,1,Shredded paper
铁盒,1,Tin box
插线板,1,Patch panel
电风扇,1,Electric fan
水龙头,1,Faucet
抗光屏,1,Anti-light screen
幕布,1,curtain
地球仪,1,globe
空气净化器过滤网,1,Air purifier filter
化妆品瓶,1,Cosmetic bottle
未被污染的输液瓶,1,Uncontaminated infusion bottle
未被污染的输液袋,1,Uncontaminated infusion bag
手机,1,cell phone
溜冰鞋,1,Skates
废电路板,1,Scrap circuit board
藤条,1,Rattan
棕榈蜡,1,Palm wax
消毒液瓶,2,Disinfectant bottle
自行车,1,bike
洗面奶瓶,1,Facial cleanser bottle
床垫,16,Mattress
木板,1,board
铝箔纸,1,Aluminum foil
铁制品,1,iron product
铜制品,1,Copper products
泡沫塑料,1,Styrofoam
雪碧罐,1,Sprite can
废旧小家电,1,Scrap small appliances
卫生纸内芯,1,Toilet paper inner core
可口可乐瓶,1,Coca-Cola bottle
笔记本电脑,1,laptop
电饭煲,1,Rice cooker
塑料玩具,1,plastic toys
洗发水瓶,1,Shampoo bottle
护发素瓶,1,Conditioner bottle
洗衣液瓶,1,Laundry detergent bottle
皮包,1,Purses
食用油桶,1,Edible oil drum
塑料衣架,1,Plastic hangers
铝膜,1,Aluminum film
塑料水管,1,Plastic water pipe
铁管,1,iron tube
铜管,1,Copper tube
塑复钢管,1,Plastic steel pipe
铝塑复合管,1,Aluminum-plastic composite pipe
金属管,1,Metal tube
红酒瓶,1,Red wine bottle
香槟瓶,1,Champagne bottle
白酒瓶,1,Liquor bottle
可乐瓶瓶盖,1,Coke bottle cap
电动玩具,1,Electric toys
镜片,1,lens
照相机,1,camera
塑料花盆,1,Plastic flowerpot
无纺布手提袋,1,Non-woven tote bag
纸箱,1,Carton
iPad,1,iPad
墨汁瓶,1,Ink bottle
化妆水瓶,1,Lotion bottle
护肤品瓶,1,Skincare bottle
护肤乳液瓶,1,Skin care lotion bottle
酱油瓶,1,Soy sauce bottle
钢琴,16,piano
手链,1,Bracelet
手镯,1,bracelet
木头,1,wood
碎玻璃制品,1,Broken glass products
电动牙刷,1,electric toothbrush
塑料包装纸盒,1,Plastic packaging carton
金属香炉,1,Metal incense burner
铅球,1,Shot put
脸摩仪,1,Facial massage
脉动饮料瓶,1,Pulsating beverage bottle
跑步机,1,Treadmill
手电筒,1,flashlight
螺钉,1,Screw
糖果罐,1,candy jar
毛绒玩具,1,Plush toys
烧水壶,1,Kettle
电冰箱,1,refrigerator
洗衣机,1,washing machine
电烤箱,1,Electric oven
洗碗机,1,dishwasher
扫地机器人,1,Sweeping robot
面霜瓶,1,Cream bottle
糖果盒,1,Candy box
电话机,1,Telephone
小提琴,16,violin
塑料架,1,Plastic frame
茶叶罐,1,Tea caddy
酒精瓶,1,alcohol bottle
座椅垫,1,Seat cushion
蛋挞盒,1,Egg Tart Box
纸质卡片,1,Paper card
硅胶玩具,1,Silicone toys
KFC纸袋,1,KFC paper bag
旧报纸,1,old newspaper
真空压缩袋,1,Vacuum compression bag
螺丝,1,screw
尼龙袋,1,Nylon bag
纸塑铝复合包装,1,Paper-plastic-aluminum composite packaging
油桶,1,Oil drum
食品保鲜盒,1,Food preservation box
衣架,1,Coat hanger
玻璃放大镜,1,Glass magnifier
窗玻璃,1,Window glass
刀,1,Knife
螺丝刀,1,screwdriver
枕头,1,pillow
电子血压仪,1,Electronic blood pressure meter
塑料饭盒,1,Plastic lunch box
木凳,1,Wooden bench
木椅,16,Wooden chair
收音机,1,radio
铃铛,1,Bells
棉布,1,cotton
咖啡隔热纸,1,Coffee insulation paper
毛线,1,Wool
塑料梳子,1,Plastic comb
旧锁,1,Old lock
纱线手套,1,Yarn gloves
不锈钢勺子,1,Stainless steel spoon
乐扣乐扣,1,Lock & Lock
木质拼板,1,Wooden puzzle
眼霜罐,1,Eye cream jar
马桶盖,1,toilet lid
饮料瓶盖,1,Beverage bottle cap
玻璃锅盖,1,Glass lid
棉花被,1,Cotton quilt
防晒衣,1,Sun protection clothing
地铁票,1,Subway ticket
脸盆,1,washbasin
脚盆,1,Foot basin
洗脸仪,1,Facial washing instrument
电动剃须刀,1,Electric shaver
充电牙刷,1,Rechargeable toothbrush
电炖锅,1,Electric cookers
高压锅,1,Pressure cooker
热水袋,1,Hot water bottle
充电热水袋,1,Charging hot water bottle
玻璃碎片,1,glass shards
废钥匙,1,Useless key
干净饮料瓶,1,Clean drink bottle
废报纸,1,Waste newspaper
旧被单,1,Old sheet
废旧吸铁石,1,Waste magnet
冰红茶利乐包装,1,Tetra Pak Ice Tea Packaging
金属瓶盖,1,Metal bottle cap
香烟盒,1,cigarette boxes
香烟壳,1,Cigarette shell
金手链,1,Gold bracelet
金项链,1,Golden necklace
热水瓶,1,thermos
脚垫,1,Foot pad
钢化玻璃,1,Tempered glass
纸质杯套,1,Paper cup holder
塑料杯套,1,Plastic cup holder
星巴克纸袋,1,Starbucks paper bag
木条,1,Wood
木棍,1,Wooden stick
簪子,1,hairpin
鼓棒,1,Drumsticks
奥特曼玩具,1,Ultraman toys
洗手液瓶,1,Hand sanitizer bottle
滑板,1,skateboard
电源插头,1,Power plug
信纸,1,stationery
画框,1,Picture frame
洗涤液瓶,1,Washing liquid bottle
二手手机,1,second-hand phone
电动卷发棒,1,Electric curling iron
洗洁精瓶,1,Dishwashing liquid bottle
拖把桶,1,Mop bucket
台布,1,tablecloth
布艺窗帘,1,Fabric curtains
软玻璃,1,Soft glass
水晶板,1,Crystal plate
钨丝灯,1,Tungsten lamp
鲜奶盒,1,Milk box
球鞋,1,sneakers
草稿本,1,Draft book
鞋带,1,shoelace
干发帽,1,Dry hair cap
铝箔袋,1,Foil bag
纸质礼品盒,1,Paper gift box
易拉罐拉环,1,Can pull ring
书包,1,bag
铁调羹,1,Iron spoon
铁盒子,1,Iron box
浴帘,1,Shower curtain
泳帽,1,Swimming cap
泳衣,1,Swimsuit
电动保温箱,1,Electric incubator
起钉器,1,Staple
消费卡,1,consumer card
步步高学习机,1,Backgammon learning machine
塑料晾衣杆,1,Plastic clothes rail
金属零件,1,Metal parts
皮夹,1,Wallet
旧布鞋,1,Old cloth shoes
金子,1,Kaneko
金器,1,gold
书本,1,book
拉杆箱,16,Trolley case
棉被,1,quilt
金属钥匙扣,1,Metal keychain
午餐肉罐头,1,Canned Luncheon Meat
帆布袋,1,Canvas bag
变形金刚,1,Transformers
皮质钱包,1,Leather wallet
肯德基纸袋,1,KFC Paper Bag
纸牌,1,card
旧拖鞋,1,Old slippers
塑料酸奶盒,1,Plastic yogurt box
老干妈瓶子,1,Old godmother bottle
洁厕灵瓶子,1,Clean toilet spirit bottle
耳钉,1,Ear studs
奥特曼卡片,1,Ultraman Card
旧枕头,1,Old pillow
牛奶瓶,1,Milk bottle
衣服干洗剂瓶,1,Clothes dry cleaner bottle
速冻食品保温袋,1,Frozen Food Insulation Bag
泡沫保温箱,1,Foam insulation box
玩具盒,1,Toy box
玩具塑料盒,1,Toy plastic box
矿泉水瓶盖,1,Mineral water bottle cap
垃圾箱,1,Trash can
太空望远镜,1,Space telescope
铁丝,1,iron wire
铜丝,1,Copper wire
金属门吸,1,Metal door stopper
吸门器,1,Door suction device
瑜伽垫,1,Yoga mat
旧瑜伽垫,1,Old yoga mat
纸袋子,1,Paper bag
塑料膜,1,Plastic film
铁罐,1,Tin can
鸡蛋盒,1,Egg carton
隐形眼镜包装盒,1,Contact lens packaging box
拍拍净瓶罐,1,Pat the bottles and cans
喜糖铁盒子,1,Wedding candy iron box
废旧报纸,1,Scrap newspaper
磁带播放器,1,Tape player
纸质印刷品,1,Paper prints
排插,1,Socket
星巴克杯托,1,Starbucks Cup Holder
料酒瓶,1,Cooking wine bottle
木质拖把杆,1,Wooden mop pole
金属拖把杆,1,Metal mop rod
小木棍,1,Small stick
旧皮鞋,1,Old leather shoes
巴黎水玻璃瓶,1,Paris water glass bottle
自拍杆,1,Selfie stick
置物架,1,Shelf
球拍,1,racket
清洁剂瓶,1,Detergent bottle
木质玩具,1,Wooden toys
高尔夫球杆,1,Golf clubs
铜线,1,Copper wire
快递纸箱,1,Express carton
旧相机,1,Old camera
乐高玩具,1,Lego toys
棉拖鞋,1,Cotton slippers
脏袜子,1,Dirty socks
羽毛球拍,8,Badminton racket
乒乓球拍,1,Ping pong paddle
电子灭蚊拍,1,Electronic mosquito swatter
塑料瓶盖,1,Plastic bottle cap
卷筒纸芯,1,Roll paper core
卡纸,1,Paper jam
奶粉桶,1,Milk powder bucket
玩具塑料包装纸盒,1,Toy plastic packaging carton
曲奇铁罐,1,Cookie tin can
蓝罐曲奇盒,1,Blue Jar Cookie Box
塑料标签,1,Plastic label
保鲜膜带齿盒,1,Cling film with tooth box
内存卡,1,Memory card
背包,1,Backpack
酸奶玻璃瓶,1,Yogurt glass bottle
芯片,1,chip
鞋盒,1,Shoe box
CPU,1,CPU
漱口水瓶,1,Mouthwash bottle
雨伞伞面,1,Umbrella surface
电脑机箱,1,Computer case
塑料碗,1,plastic bowl
玻璃渣,1,Glass slag
精华玻璃瓶,1,Essence glass bottle
衣服包装袋,1,Clothes packaging bag
PS4,1,PS4
蜂蜜柚子茶玻璃罐,1,Honey grapefruit tea glass jar
拖线板,1,Drag line board
包书纸,1,Book paper
洁厕液瓶,1,Toilet Cleaner Bottle
玻璃密封容器,1,Glass sealed container
蓝牙耳机,1,Bluetooth earphone
牛皮纸,1,Kraft paper
铅笔盒,1,Pencil case
玻璃电子秤,1,Glass electronic scale
显示屏,1,Display screen
蜜蜡,1,Beeswax
暖壶胆,1,Kettle
玻璃蜡烛杯,1,Glass candle cup
雪弗板,1,Chevron board
快递纸袋,1,Express paper bag
热水瓶胆,1,Thermos flask
木盒子,1,wooden box
枕芯,1,Pillow
旧跑鞋,1,Old running shoes
行李箱,16,suitcase
麦当劳咖啡杯杯盖（印有可回收标志）,1,McDonald's coffee cup lid (printed with recyclable logo)
肯德基豆浆杯盖（印有可回收标志）,1,KFC Soy Milk Cup Lid (printed with recyclable logo)
羽绒服,1,down jacket
无纺布包,1,Non-woven bag
保温壶,1,Insulation pot
金属晾衣杆,1,Metal clothes rail
橄榄球,1,football
塑料桌布,1,Plastic tablecloth
炒菜铁锅,1,Wok
铁衣架,1,Iron hanger
网卡,1,Network card
口香糖塑料盒,1,Chewing gum plastic box
美年达饮料瓶,1,Mirinda Beverage Bottle
圆规,1,Compass
布鞋套,1,Cloth shoe cover
青铜,1,bronze
皮料,1,Leather
电锯,1,Chainsaw
钢尺,1,Steel ruler
水槽过滤网,1,Sink filter
合金筷子,1,Alloy chopsticks
螺丝钉,1,screw
饮料玻璃瓶,1,Beverage glass bottle
玻璃花瓶,1,glass vase
旧剪刀,1,Old scissors
电热水壶,1,electric kettle
Kindle,1,Kindle
榨汁机,1,Juicer
搅拌器,1,Stirrer
鱼竿,1,fishing rod
芭比娃娃,1,Barbie doll
塑料储物箱,1,Plastic storage box
脱排油烟机,1,Range hood off
燃气灶,1,Gas stoves
童鞋,1,Children's shoes
闹铃,1,Alarm
电水壶,1,Electric kettle
旅行箱,16,Suitcase
饼干盒,1,Cookie box
首饰盒,1,Jewelry Box
味全果汁瓶,1,Flavored whole juice bottle
榨果汁机,1,Juicer
百叶窗,1,Shutters
金属鱼钩,1,Metal fish hook
橡胶拖鞋,1,Rubber slippers
化妆品外包装纸盒,1,Cosmetic outer packaging carton
电瓶车防晒垫,1,Battery car sun pad
罐头瓶,1,Canned bottle
环保布质垃圾袋,1,Environmental protection cloth garbage bag
浴室防滑垫,1,Bathroom anti-slip mat
手机屏,1,Mobile phone screen
棉签盒,1,Cotton swab box
羊毛被,1,Wool quilt
iPhone,1,iPhone
翡翠手镯,1,Jade bracelet
汽车模型,1,Car model
秋裤,1,long johns
铁皮盖,1,Tin cover
食用油玻璃瓶,1,Edible oil glass bottle
奶粉罐铝盖,1,Aluminum cover for milk powder can
洗衣液桶,1,Laundry liquid bucket
吉他,1,Guitar
酱菜瓶,1,Pickle bottle
腐乳瓶,1,Fermented bean curd bottle
维他奶包装,1,Vitasoy packaging
易拉罐盖,1,Can Lid
指甲刀,1,Nail clippers
牙膏盒,1,Toothpaste box
搓衣板,1,Washboard
咖啡杯套,1,Coffee cup set
果酱瓶,1,Jam jar
佐料瓶,1,Condiment bottle
丝绸,1,silk
毛皮,1,fur
椰奶盒,1,Coconut milk box
塑料文件袋,1,Plastic file bag
美肤仪,1,Beauty Device
洁面仪,1,Cleansing instrument
健身器材,1,Fitness Equipment
纯牛奶纸盒,1,Pure milk carton
电动刮痧板,1,Electric scraper
大提琴,1,Cello
水果刀,1,fruit knife
丝带,1,Ribbon
塑料沙漏,1,Plastic hourglass
手机支撑架,1,Mobile phone support frame
滴露瓶,1,Dettol bottle
USB线,1,USB cable
塑料拖把杆,1,Plastic mop rod
番茄酱瓶,1,Ketchup bottle
牛奶塑料瓶,1,Milk plastic bottle
旧窗帘,1,Old curtains
椰汁瓶,1,Coconut milk bottle
手机充电宝,1,Mobile phone power bank
手机充电器,1,mobile phone charger
凉鞋,1,sandals
节能灯插座,1,Energy-saving lamp socket
花洒软管,1,Shower hose
软塑料隔热垫,1,Soft plastic heat insulation pad
银行账单,1,Bank statements
喷火枪,1,Torch
酸奶瓶,1,Yogurt bottle
打气筒,1,Inflator
神仙水瓶,1,Fairy water bottle
塑料调色盘,1,Plastic palette
木勺,1,Wooden spoon
卷纸内芯,1,Roll paper core
卷筒纸内芯,1,Web core
椰奶罐,1,Coconut Milk Can
卷纸芯,1,Roll paper core
木棒,1,Wooden stick
五金材料,1,Hardware materials
塑料锅铲,1,Plastic spatula
木质锅铲,1,Wooden spatula
牙线盒,1,Floss box
乐扣塑料盒,1,LOCK plastic box
乐扣玻璃盒,1,LOCK glass box
木质花架,1,Wooden flower stand
绿茶包装盒,1,Green tea packaging box
电蒸锅,1,Electric steamer
钻戒,1,Diamond ring
银戒指,1,silver ring
即冲奶茶包装盒,1,Instant milk tea packaging box
电容,1,capacitance
电阻,1,resistance
二极管,1,diode
三极管,1,Triode
废食用油瓶,1,Waste edible oil bottle
开关,1,switch
鸡蛋包装盒,1,Egg packaging box
黑板,16,blackboard
豆浆机,1,Soymilk machine
铁罐子,1,Tin can
CD塑料盒,1,CD plastic box
香薰玻璃瓶,1,Aromatherapy glass bottle
真皮制品,1,Leather products
羊皮制品,1,Sheepskin products
皮草制品,1,Fur products
化妆品玻璃瓶,1,Cosmetic glass bottle
帆布鞋,1,canvas shoes
休闲鞋,1,casual shoes
关东煮隔热杯套,1,Oden heat insulation cup holder
烫衣板,1,ironing board
废弃药瓶,2,Discarded medicine bottle
手机电池,2,cell phone battery
废荧光灯管,2,Waste fluorescent tube
废水银温度计,2,Waste water silver thermometer
废水银血压计,2,Wastewater silver sphygmomanometer
过期药品,2,Expired drugs
废农药,2,Waste pesticide
节能灯（含水银）,2,Energy-saving lamps (mercury)
LED 灯（含水银）,2,LED light (mercury)
油漆桶,2,Paint bucket
酒精,2,Alcohol
调色板,2,Color palette
过期的胶囊药物,2,Expired capsule medicine
过期药片,2,Expired pills
医用棉签,8,Medical cotton swab
医用手套,2,Medical gloves
农药瓶,2,Pesticide bottle
医用纱布,2,Medical gauze
口服液瓶,2,Oral liquid bottle
废弃灯泡,2,Discarded light bulb
油漆笔,2,paintbrush
锂电池,2,lithium battery
生石灰,2,quicklime
胶卷底片,2,Film negatives
废矿物油,2,Waste mineral oil
消毒剂,2,Disinfectant
胶片,2,film
废血压计,2,Waste sphygmomanometer
废镍镉电池,2,Used nickel-cadmium batteries
氧化汞电池,2,Mercury Oxide Battery
工业胶水,2,Industrial glue
胶合剂,2,Glue
染发剂,2,Hair dye
染发膏,2,Hair cream
钮扣电池,2,Button battery
打印机墨盒,2,Printer Cartridges
硒鼓,2,Toner cartridge
指甲油瓶子,2,Nail polish bottle
雷达瓶子,2,Radar bottle
塑料药盒,2,Plastic pill box
过期指甲油,2,Expired nail polish
卸甲膜,2,Wholesale shell
医用针管,2,Medical needle tube
膏药,8,Plaster
药瓶,2,Medicine bottle
药包装,2,Medicine packaging
咳嗽药水瓶,2,Cough medicine bottle
针头,2,Needle
塑料药瓶,2,Plastic medicine bottle
药片包装,2,Tablet packaging
药品包装袋,2,Medicine packaging bag
一次性注射器,2,Disposable syringe
玻璃药瓶,2,Glass medicine bottle
开塞露,2,Kaysero
板蓝根冲剂,2,Banlangen Granules
口服液,2,Oral liquid
铅酸电池,2,Lead-acid batteries
荧光灯,2,Fluorescent lamp
卸甲水,2,Resurrection water
水银体温计,2,Mercury thermometer
X光片,2,X-ray film
相片底片,2,Photo film
深海鱼油,2,Deep sea fish oil
眼药水,2,Eye drops
笔记本电脑电池,2,Laptop battery
过期感冒药,2,Expired cold medicine
冻干粉,2,Freeze-dried powder
杀虫子罐,2,Insecticide jar
染发手套,2,Hair dye gloves
钙片,2,Calcium tablets
药膏,2,ointment
药膏包装壳,2,Ointment packaging shell
眼药水瓶,2,Eye drops bottle
药水玻璃瓶,2,Potion glass bottle
空药瓶,2,Empty medicine bottle
空调清洗消毒液瓶,2,Air conditioner cleaning and disinfecting liquid bottle
安神补脑液瓶,2,Soothe the nerves and invigorate the brain fluid bottle
蟑螂药,2,Cockroach medicine
过期西药,2,Expired Western Medicine
药品纸盒,2,Medicine cartons
伤筋膏药,2,Tendon plaster
伤筋药膏包装,2,Tendon Ointment Packaging
止痛膏,2,Pain Relief Cream
纸药盒,2,Paper pill box
除渍剂,2,Stain remover
西药瓶,2,Western medicine bottle
保健品瓶子,2,Health care bottle
打印机色带,2,Printer ribbon
给药器,2,Applicator
松节油,2,turpentine
维生素瓶,2,Vitamin bottle
药液袋,2,Liquid medicine bag
药片铝塑包装,2,Tablet aluminum-plastic packaging
医用注射器,2,Medical syringe
输液瓶,2,Infusion bottle
碳粉盒,2,Toner cartridge
化学剂桶,2,Chemical tank
胶水桶,2,Glue bucket
马应龙,2,Ma Yinglong
鱼油胶囊,2,Fish oil capsules
药壶,2,Medicine pot
碘酒瓶,2,Iodine bottle
外敷伤药,2,Topical wound medicine
膏药布,2,Plaster cloth
透明塑料药瓶,2,Transparent plastic medicine bottle
樟脑丸,2,Mothballs
电灯泡,2,Bulb
金霉素眼药膏,2,Chlortetracycline eye ointment
咳嗽药片,2,Cough pills
达克宁药膏,2,Dacrine ointment
达克宁药膏皮,2,Dacrine ointment skin
卸甲油,2,Nail polish remover
止咳糖浆瓶,2,Cough Syrup Bottle
痔疮膏,2,Hemorrhoids cream
泡腾片,2,Effervescent tablet
阿胶糕,4,Ejiao Cake
塑料档案袋,1,Plastic file bag
纸质档案袋,1,Paper portfolio
河蚌,8,River mussel
背心,1,Vest
贝壳肉,4,Shell meat
方便面袋,8,Instant noodle bag
茶饼,4,Tea cake
玻璃罐,1,Glass jar
铝箔包,8,Aluminum foil package
锡箔纸,8,Tin foil
不锈钢杯,1,stainless steel cup
餐巾纸,8,paper napkin
党参,4,Codonopsis
残渣剩饭,4,Leftovers
草帽,8,straw hat
电池,2,Battery
干电池,2,Dry cell
塑料尺,1,Plastic ruler
不锈钢尺,1,Stainless steel ruler
毛毛虫,4,Caterpillar
宠物毛发,8,Pet hair
金属厨具,1,Metal kitchenware
厨房垃圾袋,8,Kitchen garbage bag
纯棉靠垫,1,Cotton cushion
纯棉靠枕,1,Pure cotton pillow
磁盘盒,1,Disk Enclosure
磁片盒,1,Disk box
暖瓶玻璃内胆,1,Thermos glass liner
打碎的碗,8,Broken bowl
鱼的内脏,4,Fish innards
塑料凳,1,Plastic stool
地瓜皮,4,Sweet potato peel
快递冰袋,8,Express ice bag
过期糕点,4,Expired pastry
冬笋,4,Winter bamboo shoots
水银温度计,2,Mercury thermometer
防晒霜空瓶,1,Empty sunscreen bottle
废花盆,8,Waste flowerpot
废胶片,2,Waste film
凤梨,4,pineapple
中药敷贴,8,Chinese medicine applicator
护肤品玻璃空瓶,1,Skin care products glass empty bottle
护肤品塑料空瓶,1,Empty plastic bottles for skin care products
护肤霜玻璃空瓶,1,Skin care cream glass empty bottle
猪肉脯,4,pork jerky
可擦复写笔,8,Erasable copy pen
塑料盖,1,plastic cap
青菜杆,4,Greenstalk
玻璃烟缸,1,Glass ashtray
隔离霜空瓶,1,Empty bottle of isolation cream
各类过期药品,2,Various expired drugs
金属工具,1,Metal tools
含汞电池,2,Mercury battery
狗尿布,8,Dog diapers
鸡骨,4,Chicken bone
挂耳咖啡包,8,Hanging ear coffee bag
铝锅,1,Aluminum pan
过滤芯,8,Filter element
电焊丝,1,Welding wire
木盒,1,Wooden box
黑木耳,4,Black Fungus
护发素塑料空瓶,1,Conditioner plastic empty bottle
精华液玻璃空瓶,1,Essence glass empty bottle
精华液塑料空瓶,1,Essence plastic empty bottle
油画,8,painting
油画棒,8,Oil pastel
家养花卉,4,Domestic flowers
木质积木,1,Wooden blocks
鸡骨架,4,Chicken Skeleton
金属衣架,1,Metal hanger
无汞碱性电池,8,Mercury-free alkaline battery
豆角壳,4,Carob shell
节能灯泡,2,Energy-saving light bulbs
桔子,4,orange
洗洁精空瓶,1,Empty Dishwashing Bottle
酒精棉,8,alcohol cotton
干净的纸杯,8,Clean paper cup
净水器滤芯,8,Water purifier filter element
旧草帽,8,Old straw hat
玻璃餐具,1,Glass tableware
塑料卡片,1,Plastic card
烤肉,4,Barbecue
乐扣乐扣塑料盒,1,LOCK&LOCK Plastic Box
木筷子,1,Wood chopsticks
塑料筷子,1,Plastic chopsticks
宽粉,4,Wide powder
金属制菜篮子,1,Metal food basket
烂黄瓜,4,Rotten cucumber
利乐枕,1,Tetra Pillow
利乐砖,1,Tetra Brick
可乐空罐,1,Coke empty can
鱼类,4,Fishes
荔枝,4,litchi
长筒连裤袜,8,Pantyhose
护脸霜玻璃空瓶,1,Empty face cream glass bottle
护脸霜塑料空瓶,1,Empty face cream plastic bottle
鸟粮,4,Bird food
木质晾衣架,1,Wooden clothes rack
不锈钢晾衣杆,1,Stainless steel clothes rail
过期零食,4,Expired snacks
金属哑铃,1,Metal dumbbell
榴莲,8,durian
花露水玻璃空瓶,1,Empty toilet water glass bottle
沐浴露玻璃空瓶,1,Empty glass bottle of shower gel
沐浴露塑料空瓶,1,Empty plastic bottle of shower gel
马甲袋,8,Vest bag
满天星,4,Gypsophila
话梅核,4,Meihe
空灭火器,1,Empty fire extinguisher
灭蚊剂瓶,2,Mosquito killer bottle
包书膜,8,Book cover film
磨砂膏塑料空瓶,1,Scrub plastic empty bottle
废旧抹布,8,Used rags
墨鱼,4,Cuttlefish
泡沫餐盒,8,Foam lunch box
塑料收纳箱,1,Plastic storage box
无纺布收纳箱,1,Non-woven storage box
奶片,4,Milk tablets
胶囊药片,2,Capsule pills
镉镍电池,2,Cadmium nickel battery
镍铝电池,2,Nickel aluminum battery
泡菜,4,Pickle
杀虫喷雾罐,2,Insecticide spray can
杀虫喷雾瓶,2,Insecticide spray bottle
玻璃盆,1,Glass basin
瓜皮,4,Melon peel
收银小票,1,Cashier receipt
废药品,2,Waste medicine
铝瓶,1,Aluminum bottle
破瓷瓶,8,Broken Porcelain Bottle
过期茶叶,4,Expired tea
乳胶漆,2,Latex paint
空煤气罐,1,Empty gas tank
彩色铅笔,8,Colored pencils
木头铅笔,8,Wood pencil
青草,4,grass
镍氢电池,2,NiMH batteries
装订铁圈,1,Binding iron ring
燃气罐空瓶,1,Empty gas tank
燃油罐空瓶,1,Fuel tank empty bottle
染发料瓶,2,Hair dye bottle
日光灯管,2,Fluorescent tube
金属制容器,1,Metal container
毛绒垫,1,Plush pad
果肉,4,pulp
润发乳空瓶,1,Conditioner empty bottle
润肤霜玻璃空瓶,1,Empty moisturizer glass bottle
砂纸,8,sandpaper
杀虫剂罐,2,Insecticide canister
杀虫剂瓶,2,Insecticide bottle
沙包,8,Sandbag
防晒霜玻璃空瓶,1,Empty sunscreen glass bottle
防晒霜塑料空瓶,1,Empty sunscreen plastic bottle
山芋皮,4,Yam skin
剩饭剩菜,4,Leftovers
风干食品,4,Air-dried food
过期粮食,4,Expired grain
狗屎纸,8,Shit paper
过期芝士,4,Expired cheese
手纸,8,Toilet paper
受污染纸张,8,Contaminated paper
腐烂蔬菜,4,Rotten vegetables
金属锅,1,Metal pan
漱口水塑料空瓶,1,Empty mouthwash plastic bottle
面霜塑料空瓶,1,Face cream plastic empty bottle
爽肤水玻璃空瓶,1,Empty Toner Glass Bottle
爽肤水塑料空瓶,1,Toner empty plastic bottle
死鱼,4,Dead fish
速冻饺子包装,8,Quick-frozen dumpling packaging
酸奶利乐包装盒,1,Yogurt Tetra Pak Box
碎玻璃,1,shattered glass
碎瓷片,8,Broken tiles
污损报纸,8,Defaced newspaper
污损纸盒,8,Defiled carton
太阳能电池,2,Solar battery
羊毛毯,1,Blanket
碎陶瓷,8,Broken ceramics
陶瓷刀,8,ceramic knife
田螺肉,4,Snail meat
铁桶,1,drum
纸筒,1,Paper tube
竹筒,8,Bamboo tube
薯片外包装,8,Outer packaging of potato chips
陶瓷碗,8,Ceramic bowl
调味品,4,condiment
保温材料,8,Insulation Materials
无花果壳,4,Fig shell
衣物,1,Clothing
锡纸盒,8,Tin carton
竹席,8,Bamboo mat
相片,2,Photo
相纸,2,photographic paper
相片纸,2,Photo paper
橡胶垫,8,Rubber mat
84消毒液空瓶,2,84 empty bottle of disinfectant
小排,4,Small row
卸妆油空瓶,1,Cleansing oil empty bottle
杏,4,apricot
铅蓄电池,2,Lead storage battery
雪蟹蟹壳,4,Snow crab crab shell
龙眼壳,4,Longan Shell
过期燕麦片,4,Expired oatmeal
羊肉,4,mutton
花椰菜,4,brocoli
口服液药瓶,2,Oral liquid medicine bottle
洗手液空瓶,1,Hand sanitizer empty bottle
皮衣,1,Leather jacket
电影胶片,2,Movie film
有机溶剂包装,2,Organic solvent packaging
玉米杆,4,Corn stalk
鲜肉月饼,4,Fresh meat moon cakes
家养盆栽,4,Domestic potted plants
药渣,4,Medicine residue
炸鸡腿,4,Fried chicken legs
粘鼠胶,2,Mouse glue
木质擀面杖,1,Wooden rolling pin
塑料擀面杖,1,Plastic rolling pin
纸质账单,1,Paper bill
照相机电池,2,Camera battery
塑料砧板,1,Plastic cutting board
乳制品,4,Dairy products
玻璃制品,1,Glass product
圆珠笔笔套,1,Ballpoint pen set
水煮花生壳,4,Boiled peanut shells
包装袋,8,Packing bag
自动铅笔,8,mechanical pencil
钻头,1,drill
安全座椅,16,Safety seats
白板,16,Whiteboard
板凳,16,Bench
脚踏车,16,bicycle
抽屉,16,drawer
储物柜,16,Locker
床,16,bed
凳子,16,stool
手风琴,16,accordion
柜子,16,cabinet
大件垃圾,16,Bulky garbage
家具,16,furniture
红木家具,16,Mahogany furniture
书架,16,bookshelf
课桌,16,desk
席梦思,16,Simmons
电脑桌,16,Computer Desk
书柜,16,bookcase
木箱,16,Wooden box
收录音机,1,Radio tape recorder
小型音响,1,Small speaker
饮水机,1,Drinking fountain
电子游戏机,1,Electronic game console
电子手表,1,electronic watch
尿袋（家庭产生）,8,Urine bag (produced in the family)
手持电风扇,1,Handheld electric fan
空调器,1,Air conditioner
大型多功能打印机,1,Large multifunction printer
大型复印机,1,Large copier
大型烘干机,1,Large dryer
小型烘干机,1,Small dryer
电子体温计,1,Digital Thermometer
冷暖气机,1,Heating and cooling machine
落地电风扇,1,Floor electric fan
落地式台灯,1,Floor lamp
迷你电视机,1,Mini TV
电子闹钟,1,Electronic alarm clock
大屏电视机,1,Large screen TV
台式电脑,1,Desktop PC
大型显示器,1,Large display
小型显示器,1,Small display
小型保险箱,1,Small safe
果汁机,1,juicer
书桌,16,desk
桌子,16,table
家用吸尘器,1,Household vacuum cleaner